Ontology,image_url,meme_page_url,title
Duality,https://i.imgflip.com/4/30b1gx.jpg,https://imgflip.com/meme/Drake-Hotline-Bling,Drake Hotline Bling Meme
Exploitable,https://i.imgflip.com/4/1ur9b0.jpg,https://imgflip.com/meme/Distracted-Boyfriend,Distracted Boyfriend Meme
Exploitable,https://i.imgflip.com/4/1g8my4.jpg,https://imgflip.com/meme/Two-Buttons,Two Buttons Meme
Exploitable,https://i.imgflip.com/4/22bdq6.jpg,https://imgflip.com/meme/Left-Exit-12-Off-Ramp,Left Exit 12 Off Ramp Meme
Exploitable,https://i.imgflip.com/4/24y43o.jpg,https://imgflip.com/meme/Change-My-Mind,Change My Mind Meme
Exploitable,https://i.imgflip.com/4/9ehk.jpg,https://imgflip.com/meme/Batman-Slapping-Robin,Batman Slapping Robin Meme
Exploitable,https://i.imgflip.com/4/3lmzyx.jpg,https://imgflip.com/meme/UNO-Draw-25-Cards,UNO Draw 25 Cards Meme
Exploitable,https://i.imgflip.com/4/261o3j.jpg,https://imgflip.com/meme/Running-Away-Balloon,Running Away Balloon Meme
Image Macro,https://i.imgflip.com/4/1bij.jpg,https://imgflip.com/meme/One-Does-Not-Simply,One Does Not Simply Meme
Escalating Progression,https://i.imgflip.com/4/1jwhww.jpg,https://imgflip.com/meme/Expanding-Brain,Expanding Brain Meme
Reaction,https://i.imgflip.com/4/2fm6x.jpg,https://imgflip.com/meme/Waiting-Skeleton,Waiting Skeleton Meme
Image Macro,https://i.imgflip.com/4/1otk96.jpg,https://imgflip.com/meme/Mocking-Spongebob,Mocking Spongebob Meme
Exploitable,https://i.imgflip.com/4/m78d.jpg,https://imgflip.com/meme/Boardroom-Meeting-Suggestion,Boardroom Meeting Suggestion Meme
Image Macro,https://i.imgflip.com/4/23ls.jpg,https://imgflip.com/meme/Disaster-Girl,Disaster Girl Meme
Exploitable,https://i.imgflip.com/4/345v97.jpg,https://imgflip.com/meme/Woman-Yelling-At-Cat,Woman Yelling At Cat Meme
Image Macro,https://i.imgflip.com/4/1ihzfe.jpg,https://imgflip.com/meme/X-X-Everywhere,"X, X Everywhere Meme"
Image Macro,https://i.imgflip.com/4/26am.jpg,https://imgflip.com/meme/Ancient-Aliens,Ancient Aliens Meme
Duality,https://i.imgflip.com/4/43a45p.jpg,https://imgflip.com/meme/Buff-Doge-vs-Cheems,Buff Doge vs. Cheems Meme
Exploitable,https://i.imgflip.com/4/26jxvz.jpg,https://imgflip.com/meme/Grus-Plan,Gru's Plan Meme
Image Macro,https://i.imgflip.com/4/1h7in3.jpg,https://imgflip.com/meme/Roll-Safe-Think-About-It,Roll Safe Think About It Meme
Exploitable,https://i.imgflip.com/4/3oevdk.jpg,https://imgflip.com/meme/Bernie-I-Am-Once-Again-Asking-For-Your-Support,Bernie I Am Once Again Asking For Your Support Meme
Exploitable,https://i.imgflip.com/4/1yxkcp.jpg,https://imgflip.com/meme/Blank-Nut-Button,Blank Nut Button Meme
Image Macro,https://i.imgflip.com/4/1bgw.jpg,https://imgflip.com/meme/Futurama-Fry,Futurama Fry Meme
Escalating Progression,https://i.imgflip.com/4/2ybua0.jpg,https://imgflip.com/meme/Tuxedo-Winnie-The-Pooh,Tuxedo Winnie The Pooh Meme
Reaction,https://i.imgflip.com/4/2kbn1e.jpg,https://imgflip.com/meme/Surprised-Pikachu,Surprised Pikachu Meme
Exploitable,https://i.imgflip.com/4/1w7ygt.jpg,https://imgflip.com/meme/Inhaling-Seagull,Inhaling Seagull Meme
Image Macro,https://i.imgflip.com/4/39t1o.jpg,https://imgflip.com/meme/Leonardo-Dicaprio-Cheers,Leonardo Dicaprio Cheers Meme
Exploitable,https://i.imgflip.com/4/28j0te.jpg,https://imgflip.com/meme/Epic-Handshake,Epic Handshake Meme
Image Macro,https://i.imgflip.com/4/gk5el.jpg,https://imgflip.com/meme/Hide-the-Pain-Harold,Hide the Pain Harold Meme
Exploitable,https://i.imgflip.com/4/21tqf4.jpg,https://imgflip.com/meme/The-Scroll-Of-Truth,The Scroll Of Truth Meme
Exploitable,https://i.imgflip.com/4/1o00in.jpg,https://imgflip.com/meme/Is-This-A-Pigeon,Is This A Pigeon Meme
Exploitable,https://i.imgflip.com/4/grr.jpg,https://imgflip.com/meme/The-Rock-Driving,The Rock Driving Meme
Reaction,https://i.imgflip.com/4/1c1uej.jpg,https://imgflip.com/meme/Sad-Pablo-Escobar,Sad Pablo Escobar Meme
Image Macro,https://i.imgflip.com/4/1bh8.jpg,https://imgflip.com/meme/The-Most-Interesting-Man-In-The-World,The Most Interesting Man In The World Meme
Reaction,https://i.imgflip.com/4/2gnnjh.jpg,https://imgflip.com/meme/Monkey-Puppet,Monkey Puppet Meme
Duality,https://i.imgflip.com/4/3qqcim.jpg,https://imgflip.com/meme/Panik-Kalm-Panik,Panik Kalm Panik Meme
Image Macro,https://i.imgflip.com/4/21uy0f.jpg,https://imgflip.com/meme/Yall-Got-Any-More-Of-That,Y'all Got Any More Of That Meme
Image Macro,https://i.imgflip.com/4/gtj5t.jpg,https://imgflip.com/meme/Oprah-You-Get-A,Oprah You Get A Meme
Exploitable,https://i.imgflip.com/4/46e43q.jpg,https://imgflip.com/meme/Always-Has-Been,Always Has Been Meme
Exploitable,https://i.imgflip.com/4/2odckz.jpg,https://imgflip.com/meme/Marked-Safe-From,Marked Safe From Meme
Image Macro,https://i.imgflip.com/4/4t0m5.jpg,https://imgflip.com/meme/Doge,Doge Meme
Image Macro,https://i.imgflip.com/4/1bip.jpg,https://imgflip.com/meme/Bad-Luck-Brian,Bad Luck Brian Meme
Image Macro,https://i.imgflip.com/4/265k.jpg,https://imgflip.com/meme/Third-World-Skeptical-Kid,Third World Skeptical Kid Meme
Exploitable,https://i.imgflip.com/4/2896ro.jpg,https://imgflip.com/meme/American-Chopper-Argument,American Chopper Argument Meme
Image Macro,https://i.imgflip.com/4/1bhf.jpg,https://imgflip.com/meme/First-World-Problems,First World Problems Meme
Exploitable,https://i.imgflip.com/4/2za3u1.jpg,https://imgflip.com/meme/Theyre-The-Same-Picture,They're The Same Picture Meme
Image Macro,https://i.imgflip.com/4/1bhw.jpg,https://imgflip.com/meme/Grandma-Finds-The-Internet,Grandma Finds The Internet Meme
Exploitable,https://i.imgflip.com/4/3pnmg.jpg,https://imgflip.com/meme/Finding-Neverland,Finding Neverland Meme
Exploitable,https://i.imgflip.com/4/1tl71a.jpg,https://imgflip.com/meme/I-Bet-Hes-Thinking-About-Other-Women,I Bet He's Thinking About Other Women Meme
Reaction,https://i.imgflip.com/4/2wifvo.jpg,https://imgflip.com/meme/Unsettled-Tom,Unsettled Tom Meme
Exploitable,https://i.imgflip.com/4/1ii4oc.jpg,https://imgflip.com/meme/Trump-Bill-Signing,Trump Bill Signing Meme
Exploitable,https://i.imgflip.com/4/1e7ql7.jpg,https://imgflip.com/meme/Evil-Kermit,Evil Kermit Meme
Image Macro,https://i.imgflip.com/4/1bh3.jpg,https://imgflip.com/meme/Y-U-No,Y U No Meme
Image Macro,https://i.imgflip.com/4/1wz1x.jpg,https://imgflip.com/meme/This-Is-Where-Id-Put-My-Trophy-If-I-Had-One,This Is Where I'd Put My Trophy If I Had One Meme
Image Macro,https://i.imgflip.com/4/1bhk.jpg,https://imgflip.com/meme/Success-Kid,Success Kid Meme
Image Macro,https://i.imgflip.com/4/c2qn.jpg,https://imgflip.com/meme/That-Would-Be-Great,That Would Be Great Meme
Reaction,https://i.imgflip.com/4/wxica.jpg,https://imgflip.com/meme/This-Is-Fine,This Is Fine Meme
Image Macro,https://i.imgflip.com/4/1bhm.jpg,https://imgflip.com/meme/Brace-Yourselves-X-is-Coming,Brace Yourselves X is Coming Meme
Image Macro,https://i.imgflip.com/4/8k0sa.jpg,https://imgflip.com/meme/Star-Wars-Yoda,Star Wars Yoda Meme
Exploitable,https://i.imgflip.com/4/28s2gu.jpg,https://imgflip.com/meme/Who-Killed-Hannibal,Who Killed Hannibal Meme
Exploitable,https://i.imgflip.com/4/1b42wl.jpg,https://imgflip.com/meme/Bike-Fall,Bike Fall Meme
Reaction,https://i.imgflip.com/4/392xtu.jpg,https://imgflip.com/meme/Spongebob-Ight-Imma-Head-Out,Spongebob Ight Imma Head Out Meme
Image Macro,https://i.imgflip.com/4/1bim.jpg,https://imgflip.com/meme/Creepy-Condescending-Wonka,Creepy Condescending Wonka Meme
Image Macro,https://i.imgflip.com/4/8p0a.jpg,https://imgflip.com/meme/Grumpy-Cat,Grumpy Cat Meme
Image Macro,https://i.imgflip.com/4/9sw43.jpg,https://imgflip.com/meme/But-Thats-None-Of-My-Business,But That's None Of My Business Meme
Image Macro,https://i.imgflip.com/4/1bh9.jpg,https://imgflip.com/meme/X-All-The-Y,X All The Y Meme
Image Macro,https://i.imgflip.com/4/26br.jpg,https://imgflip.com/meme/Dont-You-Squidward,Don't You Squidward Meme
Exploitable,https://i.imgflip.com/4/5c7lwq.jpg,https://imgflip.com/meme/322841258/Anakin-Padme-4-Panel,Anakin Padme 4 Panel Meme
Escalating Progression,https://i.imgflip.com/4/38el31.jpg,https://imgflip.com/meme/Clown-Applying-Makeup,Clown Applying Makeup Meme
Reaction,https://i.imgflip.com/4/wczz.jpg,https://imgflip.com/meme/Captain-Picard-Facepalm,Captain Picard Facepalm Meme
Exploitable,https://i.imgflip.com/4/54hjww.jpg,https://imgflip.com/meme/309868304/Trade-Offer,Trade Offer Meme
Reaction,https://i.imgflip.com/4/265j.jpg,https://imgflip.com/meme/Third-World-Success-Kid,Third World Success Kid Meme
Reaction,https://i.imgflip.com/4/51s5.jpg,https://imgflip.com/meme/Evil-Toddler,Evil Toddler Meme
Image Macro,https://i.imgflip.com/4/25w3.jpg,https://imgflip.com/meme/Matrix-Morpheus,Matrix Morpheus Meme
Duality,https://i.imgflip.com/4/1nck6k.jpg,https://imgflip.com/meme/Sleeping-Shaq,Sleeping Shaq Meme
Image Macro,https://i.imgflip.com/4/1bgs.jpg,https://imgflip.com/meme/Philosoraptor,Philosoraptor Meme
Image Macro,https://i.imgflip.com/4/4acd7j.jpg,https://imgflip.com/meme/Laughing-Leo,Laughing Leo Meme
Exploitable,https://i.imgflip.com/4/271ps6.jpg,https://imgflip.com/meme/Hard-To-Swallow-Pills,Hard To Swallow Pills Meme
Image Macro,https://i.imgflip.com/4/8h0c8.jpg,https://imgflip.com/meme/Black-Girl-Wat,Black Girl Wat Meme
Image Macro,https://i.imgflip.com/4/59qi.jpg,https://imgflip.com/meme/Picard-Wtf,Picard Wtf Meme
Exploitable,https://i.imgflip.com/4/1ooaki.jpg,https://imgflip.com/meme/Who-Would-Win,Who Would Win? Meme
Reaction,https://i.imgflip.com/4/jrj7.jpg,https://imgflip.com/meme/Laughing-Men-In-Suits,Laughing Men In Suits Meme
Image Macro,https://i.imgflip.com/4/64sz4u.jpg,https://imgflip.com/meme/370867422/Megamind-peeking,Megamind peeking Meme
Image Macro,https://i.imgflip.com/4/269s.jpg,https://imgflip.com/meme/10-Guy,10 Guy Meme
Image Macro,https://i.imgflip.com/4/26hg.jpg,https://imgflip.com/meme/Yo-Dawg-Heard-You,Yo Dawg Heard You Meme
Image Macro,https://i.imgflip.com/4/1bik.jpg,https://imgflip.com/meme/Too-Damn-High,Too Damn High Meme
Image Macro,https://i.imgflip.com/4/odluv.jpg,https://imgflip.com/meme/Dr-Evil-Laser,Dr Evil Laser Meme
Exploitable,https://i.imgflip.com/4/2cp1.jpg,https://imgflip.com/meme/Ill-Just-Wait-Here,I'll Just Wait Here Meme
Image Macro,https://i.imgflip.com/4/5kdc.jpg,https://imgflip.com/meme/Am-I-The-Only-One-Around-Here,Am I The Only One Around Here Meme
Exploitable,https://i.imgflip.com/4/2reqtg.jpg,https://imgflip.com/meme/166969924/Flex-Tape,Flex Tape Meme
Image Macro,https://i.imgflip.com/4/5mcpl.jpg,https://imgflip.com/meme/Face-You-Make-Robert-Downey-Jr,Face You Make Robert Downey Jr Meme
Exploitable,https://i.imgflip.com/4/1bil.jpg,https://imgflip.com/meme/Put-It-Somewhere-Else-Patrick,Put It Somewhere Else Patrick Meme
Duality,https://i.imgflip.com/4/u0pf0.jpg,https://imgflip.com/meme/50421420/Disappointed-Black-Guy,Disappointed Black Guy Meme
Exploitable,https://i.imgflip.com/4/xh3me.jpg,https://imgflip.com/meme/Be-Like-Bill,Be Like Bill Meme
Image Macro,https://i.imgflip.com/4/3i7p.jpg,https://imgflip.com/meme/Imagination-Spongebob,Imagination Spongebob Meme
Reaction,https://i.imgflip.com/4/hmt3v.jpg,https://imgflip.com/meme/Look-At-Me,Look At Me Meme
Exploitable,https://i.imgflip.com/4/7dusq.jpg,https://imgflip.com/meme/Bad-Pun-Dog,Bad Pun Dog Meme
Exploitable,https://i.imgflip.com/4/434i5j.jpg,https://imgflip.com/meme/247113703/A-train-hitting-a-school-bus,A train hitting a school bus Meme
Exploitable,https://i.imgflip.com/4/1yz6z4.jpg,https://imgflip.com/meme/119215120/Types-of-Headaches-meme,Types of Headaches meme Meme
