Ontology,annotation_id,annotator,caption,created_at,id,image,knowyourmeme_link,lead_time,other_captioning,other_link,permalink,updated_at
Escalating Progression,339,1,A short story,2024-11-07T20:48:43.740905Z,793,https://i.redd.it/70zdjiilli351.jpg,https://knowyourmeme.com/memes/putting-on-clown-makeup,179.071,,https://imgflip.com/memetemplate/Clown-Applying-Makeup,/r/memes/comments/gyfedz/a_short_story/,2024-12-05T20:31:42.601453Z
Reaction,340,1,She did her best ok?,2024-11-07T20:50:12.292666Z,794,https://i.redd.it/g4vm7de3q4j51.jpg,https://knowyourmeme.com/memes/thumbs-up-crying-cat,101.1,"{""text"":[""Teacher hypes up class party all year"",""The Party:""]}",https://imgflip.com/memetemplate/231792809/sad-thumbs-up-cat,/r/memes/comments/ig9u4z/she_did_her_best_ok/,2024-12-05T20:31:58.551231Z
Reaction,341,1,This house ain‚Äôt big enough for the six of us,2024-11-07T20:50:48.562326Z,795,https://i.redd.it/x4s2e60m7vm41.jpg,,69.87899999999999,"{""text"":[""Coronavirus: Austria bans all gatherings of more than five people"",""Families of 6:""]}",https://imgflip.com/memetemplate/173140634/The-Office-Mexican-Standoff,/r/memes/comments/fj45ih/this_house_aint_big_enough_for_the_six_of_us/,2024-12-05T20:32:26.750336Z
Exploitable,342,1,They what???,2024-11-07T20:51:40.743659Z,796,https://i.imgur.com/KpwIuSO.png,https://knowyourmeme.com/memes/the-rock-driving,68.42,"{""text"":[""What unrealistic things in movies bug the hell out of you?"",""They remove headrests from cars so you can see the actors better""]}",https://imgflip.com/memetemplate/The-Rock-Driving,/r/memes/comments/gi8l07/they_what/,2024-12-05T20:32:46.078179Z
Reaction,343,1,I feel privileged,2024-11-07T20:52:12.565974Z,797,https://i.redd.it/ttfhavjmd1x51.png,https://knowyourmeme.com/memes/elon-musk-laughing-at-dead-deer,51.314,me 12 hours ahead in Asia knowing the election results but not teling Americans,https://imgflip.com/memetemplate/179274201/Elon-Musk-Laughing,/r/memes/comments/jnbc9d/i_feel_privileged/,2024-12-05T20:33:07.652479Z
Reaction,344,1,This is my jam,2024-11-07T20:52:58.125584Z,798,https://i.redd.it/ycrjw204b9e61.gif,,72.38499999999999,"{""text"":[""*1% of Redditors fucking up the stock market*"",""Rest of the Redditors""]}",https://imgflip.com/memetemplate/466529484/dj-cat,/r/memes/comments/l7qap4/this_is_my_jam/,2024-12-05T20:33:25.707271Z
Exploitable,345,1,uncanny resemblance,2024-11-07T20:53:35.807139Z,799,https://i.redd.it/cul580390k661.jpg,,56.963,"{""text"":[""the sun"",""mercury"",""my finger"",""close ad button""]}",https://imgflip.com/memetemplate/389975637/Mercury-Transits-the-Sun,/r/memes/comments/khiyao/uncanny_resemblance/,2024-12-05T20:33:47.842573Z
Escalating Progression,346,1,Hmmmmmmmmmm,2024-11-07T20:55:21.763097Z,800,https://i.redd.it/c06hvlfni9651.jpg,https://knowyourmeme.com/memes/panik-kalm,380.217,"{""text"":[""Your mom gets a new boyfriend"",""He's a gamer"",""He's the guy who beat you at halo 12 years ago and said he's gonna fuck your mom""]}",https://imgflip.com/memetemplate/Panik-Kalm-Panik,/r/memes/comments/hd6nhx/hmmmmmmmmmm/,2024-12-05T20:34:04.049110Z
Reaction,347,1,We are doomed,2024-11-07T20:55:44.186636Z,801,https://i.redd.it/vmadxu8d51o41.jpg,https://imgflip.com/memetemplate/390255534/Michael-Scott,46.342,"{""text"":[""End of the world: comes in 2021"",""THe dyslexic prophet who announced it for 2012:""]}",,/r/memes/comments/fmf637/we_are_doomed/,2024-12-05T20:34:30.806798Z
Exploitable,348,1,Finland op,2024-11-07T20:56:49.568885Z,802,https://i.redd.it/ncrm4syv08r41.jpg,https://knowyourmeme.com/memes/undertaker-entering-arena,79.22300000000001,"{""text"":[""GUY FROM FINLAND"",""COVID 19""]}",https://imgflip.com/memetemplate/223617975/Undertaker-entering-the-arena,/r/memes/comments/fw1ch6/finland_op/,2024-12-05T20:34:46.905698Z
Reaction,349,1,Wait I didn't mean it like that,2024-11-07T21:27:12.721735Z,803,https://i.redd.it/n4ildkpurph61.png,,1098.249,"{""text"":[""High schooler: I'd kill for college tuition"",""US military recruiters:""]}","{""text"":[""https:\/\/imgflip.com\/memegenerator\/267521271\/You-will-Leonardo-django"",""https:\/\/imgflip.com\/memetemplate\/267521271\/You-will-Leonardo-django""]}",/r/memes/comments/lkodmq/wait_i_didnt_mean_it_like_that/,2024-12-05T20:35:00.873591Z
Reaction,350,1,Who's Donald Biden?,2024-11-07T21:27:40.803642Z,804,https://i.redd.it/63l9c85hmex51.jpg,,26.575,Me making memes about Nevada even though I live in a small village in eastern Europe and have no idea bout US politics,,/r/memes/comments/jogzsr/whos_donald_biden/,2024-11-07T21:27:40.803642Z
Reaction,351,1,thank god,2024-11-07T21:28:26.087005Z,805,https://i.redd.it/djw0xedkm8z81.gif,https://knowyourmeme.com/memes/jerry-lawler-laugh,52.606,"{""text"":[""Girlfriend: I leaked our sex tape on reddit"",""Me who knows that its fine cause reddit's video player never fucking works:""]}",https://imgflip.com/memetemplate/371340941/Jerry-Lawler-laughing,/r/memes/comments/uoqq32/thank_god/,2024-12-05T20:35:27.570455Z
Image Macro,352,1,Team monke,2024-11-07T21:29:08.826575Z,806,https://i.redd.it/y5q2ylf36gm61.jpg,https://knowyourmeme.com/memes/ted-talk-gorilla,53.845,"{""text"":[""GUYS I'M GONNA TRY MY BEST"",""BUT IT'S A F*CKING RADIOACTIVE DINOSAUR""]}",https://imgflip.com/memetemplate/106811974/ted-talk-gorilla,/r/memes/comments/m2y08v/team_monke/,2024-12-05T20:35:41.518365Z
Reaction,353,1,What a shame,2024-11-07T21:30:07.652850Z,807,https://i.redd.it/hnwx02w0t6e61.jpg,https://knowyourmeme.com/memes/mac-and-charlie-crying,69.61,"""I'm sorry, did the wrong people manipulate the stock market?""",https://imgflip.com/memetemplate/376960888/Mac-and-Charlie-crying,/r/memes/comments/l7hah3/what_a_shame/,2024-12-05T20:35:56.159372Z
Exploitable,354,1,Confusing,2024-11-07T21:31:06.008421Z,808,https://i.redd.it/2v3ucovw2dk51.jpg,https://knowyourmeme.com/memes/confused-reporter-jonathan-swan,76.351,"{""text"":[""2 + 2 x 4"",""10""]}",https://imgflip.com/memetemplate/259910609/Confused-Reporter,/r/memes/comments/ik0qu9/confusing/,2024-12-05T20:36:17.712521Z
Duality,355,1,Ukraine got CHAD Volodymyr Zelensky.üá∫üá¶üá∫üá¶üá∫üá¶,2024-11-07T21:31:41.310460Z,809,https://i.redd.it/p6hpt00hl0k81.jpg,,33.297,"{""text"":[""What everyon thinks chad looks like:"",""What he actually looks like:""]}",,/r/memes/comments/t19inj/ukraine_got_chad_volodymyr_zelensky/,2024-11-07T21:31:41.310460Z
Reaction,356,1,It took so many hours,2024-11-07T21:32:12.786239Z,810,https://i.redd.it/hujzswawcsf51.jpg,https://knowyourmeme.com/memes/leonardo-dicaprio-laughing,39.129,"When you see people praise you for ""re-drawing"" a meme",https://imgflip.com/memetemplate/Laughing-Leo,/r/memes/comments/i5zoq5/it_took_so_many_hours/,2024-12-05T20:36:36.164628Z
,435,1,Moms are the real MVPs,2024-11-20T01:01:42.947088Z,811,http://i.imgur.com/OyrGZMr.gifv,,2.259,,,/r/memes/comments/kocegl/moms_are_the_real_mvps/,2024-11-20T01:01:42.947088Z
Reaction,357,1,Of course I know him. He is me,2024-11-07T21:38:34.584136Z,812,https://i.redd.it/kwcqipuz5il51.jpg,,79.453,,,/r/memes/comments/injobz/of_course_i_know_him_he_is_me/,2024-11-07T21:38:34.584136Z
Exploitable,358,1,Simpsons predicted it yet again,2024-11-07T21:40:03.391719Z,813,https://i.redd.it/mt1p2undiwo31.jpg,https://knowyourmeme.com/memes/simpsons-predicts-the-future,86.429,,,/r/memes/comments/d9gvok/simpsons_predicted_it_yet_again/,2024-11-07T21:40:03.391719Z
Reaction,359,1,Placebo in a nutshell,2024-11-07T21:41:26.369890Z,814,https://i.redd.it/cjtg6wdt99951.jpg,https://knowyourmeme.com/memes/you-son-of-a-bitch-im-in,169.753,"{""text"":[""Me: \""heal my disease\"""",""Brain: \""No\"""",""Me: *takes pill with no effect*"",""Brain:""]}",https://imgflip.com/memetemplate/212338382/You-son-of-a-bitch-Im-in,/r/memes/comments/hm9r3l/placebo_in_a_nutshell/,2024-12-05T20:39:32.733594Z
Duality,360,1,It was fun doe,2024-11-08T18:28:57.855941Z,815,https://i.redd.it/b11mbpxapxg51.jpg,,61.164,"{""text"":[""My mom thinking about who keeps using all the shampoo"",""7 yo me making potions in the bathroom""]}",https://imgflip.com/memetemplate/332423356/Depressed-Tom--Jerry,/r/memes/comments/i9inie/it_was_fun_doe/,2024-11-08T18:39:44.206062Z
Exploitable,361,1,Don't be mad,2024-11-08T18:30:33.068223Z,816,https://i.redd.it/gsqgq6uwuau51.jpg,https://knowyourmeme.com/memes/laughing-wolves,114.461,,https://imgflip.com/memetemplate/254510786/Laughing-wolves,/r/memes/comments/jewhxz/dont_be_mad/,2024-12-05T20:43:02.222152Z
Image Macro,362,1,15 years from now,2024-11-08T18:32:31.830030Z,817,https://i.redd.it/kvb5q07e27x41.jpg,,164.756,"{""text"":[""Is there a X √Ü A-12 here?"",""It's pronounced \""Kyle\""""]}",https://imgflip.com/memetemplate/39442158/Key-and-Peele-Substitute-Teacher,/r/memes/comments/geqgdh/15_years_from_now/,2024-12-05T20:43:50.834545Z
Reaction,363,1,Captain Holt is best boi,2024-11-08T18:34:10.717660Z,818,https://i.redd.it/nzkdkyfr2hz41.jpg,https://knowyourmeme.com/memes/why-is-no-one-having-a-good-time-i-specifically-requested-it,115.209,"{""text"":[""Teachers when they add \""And Just Have Fun!\"" to the instructions:"",""Why is no one having a good time? I specifically requested it""]}",https://imgflip.com/memetemplate/299540010/Why-is-no-one-having-a-good-time-I-specifically-requested-it,/r/memes/comments/glwkpy/captain_holt_is_best_boi/,2024-12-05T20:44:07.824778Z
Exploitable,364,1,You think you are sad,2024-11-08T18:36:42.937542Z,819,https://i.redd.it/rohlh1e8k0n41.jpg,https://knowyourmeme.com/memes/hide-the-pain-harold,158.25500000000002,"{""text"":[""Me who now has to attend online classes"",""My FBI agent who now has to attend online classes with me""]}",https://imgflip.com/memetemplate/Hide-the-Pain-Harold,/r/memes/comments/fjiz2r/you_think_you_are_sad/,2024-12-05T20:44:24.761178Z
Reaction,365,1,These are confusing times,2024-11-08T18:38:01.866208Z,820,https://i.redd.it/4gju47kt3hb61.jpg,https://knowyourmeme.com/memes/loading-cat,87.78200000000001,"{""text"":[""\""forget everything you learned in college, you won't need it working here\"""",""\""but, I didn't go to college\"""",""\""well then, you're unqualified for this job\""""]}",https://imgflip.com/memetemplate/211080276/Loading-cat,/r/memes/comments/kxrxuv/these_are_confusing_times/,2024-12-05T20:44:39.182607Z
Reaction,366,1,Reddit might be shit but it's our shit.,2024-11-08T18:39:23.892218Z,821,https://i.redd.it/l8yz2fyk3hr71.jpg,,79.192,"{""text"":[""When Facebook & co. is down and everyone is flocking to Reddit:"",""Don't touch my garbage""]}",https://imgflip.com/memegenerator/166152526/Dont-touch-my-garbage,/r/memes/comments/q1b13o/reddit_might_be_shit_but_its_our_shit/,2024-11-08T18:39:23.892218Z
Duality,367,1,Well its pretty similar...,2024-11-08T18:44:26.906612Z,822,https://i.redd.it/8ze5zhn5m1g61.gif,https://knowyourmeme.com/memes/can-i-copy-your-homework,190.362,"{""text"":[""Me: Youcan copy my homework, but don't make it obvious"",""My friend:""]}",,/r/memes/comments/lekzwj/well_its_pretty_similar/,2024-11-08T18:44:26.906612Z
Image Macro,368,1,My life was a lie.,2024-11-08T18:47:44.149478Z,823,https://i.redd.it/spe7qpjedcv61.gif,https://knowyourmeme.com/memes/left-exit-12-off-ramp,208.654,The car drifting meme doesn't actually have the bridge and sign board,https://imgflip.com/memegenerator/Left-Exit-12-Off-Ramp,/r/memes/comments/myb3vc/my_life_was_a_lie/,2024-12-05T20:45:10.423373Z
,436,1,Oh no you don‚Äôt,2024-11-20T01:01:47.967519Z,824,https://v.redd.it/h58jtjhurq561,,0.841,,,/r/memes/comments/kewn6p/oh_no_you_dont/,2024-11-20T01:01:47.967519Z
Image Macro,369,1,Always has been,2024-11-08T18:50:51.176929Z,825,https://i.redd.it/29h8ntdldma51.jpg,https://knowyourmeme.com/memes/wait-its-all-ohio-always-has-been,54.884,"{""text"":[""Wait it's all in first person"",""Always has been""]}",https://imgflip.com/memegenerator/Always-Has-Been,/r/memes/comments/hqeip1/always_has_been/,2024-12-05T20:45:23.346271Z
Reaction,370,1,Oh god no,2024-11-08T18:51:24.501580Z,826,https://i.redd.it/w98k1i6ce4761.gif,https://knowyourmeme.com/memes/worried-hiroshi-uchiyamada-gto-gif,45.464,,https://imgflip.com/memetemplate/388149985/Worried-Hiroshi-Uchiyamada-GTO,/r/memes/comments/kjdwn1/oh_god_no/,2024-12-05T20:45:39.319504Z
Image Macro,371,1,That's the reason behind all these,2024-11-08T18:53:00.269078Z,827,https://i.redd.it/72ofect87t751.jpg,,91.744,God knew this logo was too good to be used,,/r/memes/comments/hhw2e0/thats_the_reason_behind_all_these/,2024-11-08T18:53:00.269078Z
Exploitable,372,1,That's a 5 stars from me,2024-11-08T18:53:53.303451Z,828,https://i.redd.it/omyyroc83w551.jpg,https://knowyourmeme.com/memes/business-handshake,67.44,"{""text"":[""Ddue who delivered the pizza 10 minutes early"",""Uber driver that didn't speak the entire ride""]}",https://imgflip.com/memetemplate/158345184/Business-Handshake,/r/memes/comments/hc387h/thats_a_5_stars_from_me/,2024-12-05T20:46:16.822211Z
Reaction,373,1,"Wow, someone knows we exist",2024-11-08T18:54:44.346660Z,829,https://i.redd.it/dyecygddx4i51.jpg,https://knowyourmeme.com/memes/pointing-rick-dalton,64.539,When you live in a small country and see someone mention it on the internet,https://imgflip.com/memetemplate/237730045/Pointing-Rick-Dalton,/r/memes/comments/id7tva/wow_someone_knows_we_exist/,2024-12-05T20:46:33.133728Z
Reaction,374,1,Everytime,2024-11-08T18:58:49.306088Z,830,https://i.redd.it/emn90d5nbqn51.jpg,https://knowyourmeme.com/memes/people/ricardo-milos,255.156,"{""text"":[""When the hero is about to fall off a cliff"",""His friend who disappeared at the beginning of the movie:""]}",https://imgflip.com/memetemplate/225475330/RICARDO-MILOS,/r/memes/comments/ium3nm/everytime/,2024-12-05T20:46:56.484254Z
Reaction,375,1,Wish her luck boys,2024-11-08T19:00:26.661408Z,831,https://i.redd.it/fnbkdh8fwza91.gif,https://knowyourmeme.com/memes/patrick-bateman-walking,156.954,Lofi girl on her way to take the exam after 868 days of studying:,https://imgflip.com/memetemplate/376068348/patrick-bateman-walking,/r/memes/comments/vwkj6c/wish_her_luck_boys/,2024-12-05T20:48:00.152288Z
Reaction,376,1,"Hey Blizzard, I heard you like China's money ?",2024-11-08T19:04:00.686332Z,832,https://i.redd.it/uonxofnh1gr31.jpg,https://knowyourmeme.com/memes/modern-problems-require-modern-solutions,229.859,There is a group of Blizzard fans trying to turn Mei into a Pro Hong Kong Icon to get the game banned in China,https://imgflip.com/memetemplate/161887818/modern-problems,/r/memes/comments/dfc00m/hey_blizzard_i_heard_you_like_chinas_money/,2024-12-05T20:48:19.118564Z
Reaction,377,1,Brain.exe has commit DIE,2024-11-08T19:06:06.120269Z,833,https://i.redd.it/ojd7xhofyz951.png,https://knowyourmeme.com/memes/awkward-look-monkey-puppet,122.956,when you fart in the online class and your name lights up,,/r/memes/comments/holruc/brainexe_has_commit_die/,2024-11-08T19:06:06.120269Z
Duality,378,1,chadflix,2024-11-08T19:07:00.754896Z,834,https://i.redd.it/te95nxfwxl471.png,https://knowyourmeme.com/memes/soyjaks-vs-chads,153.1,"{""text"":[""Nooo, we can't release the season all at once because we want people to keep talking about our show for a longer time "",""Here's a whole season bro, you can do whatever the f**k you want with it""]}",https://imgflip.com/memetemplate/232844223/Soyboy-Vs-Yes-Chad,/r/memes/comments/nxc266/chadflix/,2024-12-05T20:51:17.377300Z
Reaction,379,1,Look who's laughing now,2024-11-14T04:45:48.934222Z,835,https://i.redd.it/qtmo4imk5ry41.jpg,,118.185,"{""text"":[""\""A degree in art is useless\"""",""Me as an art major:""]}",,/r/memes/comments/gjozlm/look_whos_laughing_now/,2024-11-14T04:45:48.934222Z
Reaction,380,1,I mean I basically made him rich,2024-11-14T05:00:02.235317Z,836,https://i.redd.it/yne085xajui41.jpg,,789.342,"{""text"":[""when you donate 1$ to a streamer"",""Now, say my name.""]}",https://imgflip.com/memetemplate/228652713/Now-say-my-name,/r/memes/comments/f8p6lf/i_mean_i_basically_made_him_rich/,2024-12-05T20:51:39.354557Z
Reaction,381,1,please enjoy,2024-11-14T05:08:58.482972Z,837,https://i.redd.it/rgce12mplle51.jpg,https://knowyourmeme.com/memes/great-gatsby-reaction-leonardo-dicaprio-toast,550.129,"{""text"":[""nobody:"",""cats:""]}",https://imgflip.com/memetemplate/Leonardo-Dicaprio-Cheers,/r/memes/comments/i2ctmr/please_enjoy/,2024-12-05T20:51:56.435456Z
Duality,382,1,Real SOMA ULTE ‚ù§Ô∏è,2024-11-14T05:09:49.494659Z,838,https://i.redd.it/y4ubkjfo6nq51.jpg,https://knowyourmeme.com/memes/drakeposting,61.978,,https://imgflip.com/memetemplate/Drake-Hotline-Bling,/r/memes/comments/j3qvhf/real_soma_ulte/,2024-12-05T20:52:12.746608Z
Reaction,383,1,*bumps head* maybe I‚Äôm Godzilla?,2024-11-14T05:11:51.972751Z,839,https://i.redd.it/ger0ho5tg9w51.jpg,,121.496,"{""text"":[""Me: *vists Japan*"",""Also me wondering if Godzilla was just a normal sized lizard:""]}",,/r/memes/comments/jl0bjq/bumps_head_maybe_im_godzilla/,2024-11-14T05:11:51.972751Z
Reaction,384,1,Phew. That was a close one.,2024-11-14T05:22:03.505976Z,840,https://i.redd.it/2b6zkpyh98x51.png,,610.232,"{""text"":[""Me: Raises hand to answer question"",""Teacher: Calls on other kid"",""Other kid: Gets it right"",""Me, who had a different answer:""]}",,/r/memes/comments/jnwxws/phew_that_was_a_close_one/,2024-11-14T05:22:03.505976Z
Exploitable,385,1,Modern day pirate,2024-11-14T05:31:32.134751Z,841,https://i.redd.it/vdfvhoq1lge61.jpg,,1250.382,"{""text"":[""WALL STREET"",""YOU'RE THE WORST TRADER I'VE EVER HEARD OF"",""POTATO_IN_MY_ASS"",""BUT YOU HAVE HEARD OF ME""]}",https://imgflip.com/memetemplate/14199573/Jack-Sparrow-you-have-heard-of-me,/r/memes/comments/l8k6ha/modern_day_pirate/,2024-12-05T20:52:36.129395Z
Duality,386,1,Bro got both eyes open üò≠ ,2024-11-14T05:32:44.197398Z,842,https://i.redd.it/josb2tipdxfd1.jpeg,,69.904,"{""text"":[""A lens to avoid blur"",""A lens for better precision"",""Overnight celebrity"",""A T-shirt"",""Random Turkish dad""]}",,/r/memes/comments/1egzi81/bro_got_both_eyes_open/,2024-11-14T05:32:44.197398Z
Exploitable,387,1,Chrome lite for pc,2024-11-14T05:34:09.310961Z,843,https://i.imgur.com/9JW6gmL.jpg,,83.663,"{""text"":[""4 KB of RAM in 1969"",""\""We put people on the Moon\"""",""8 GB of RAM Now"",""\""Chrome tab scary\""""]}",,/r/memes/comments/rb32mg/chrome_lite_for_pc/,2024-11-14T05:34:09.310961Z
Reaction,388,1,can someone explain it,2024-11-14T05:35:07.880026Z,844,https://i.redd.it/2my2zdc4pa251.jpg,https://knowyourmeme.com/memes/unsettled-tom,83.96300000000001,Me a Canadian trying to figure out how America went from taking all the toilet paper to civil war in 3 months,https://imgflip.com/memetemplate/Unsettled-Tom,/r/memes/comments/guk1zo/can_someone_explain_it/,2024-12-05T20:53:07.088279Z
Exploitable,389,1,It really do be like that,2024-11-14T05:36:23.961342Z,845,https://i.redd.it/hu25l44ii6o41.jpg,https://knowyourmeme.com/memes/phoebe-teaching-joey,75.838,"{""text"":[""stay"",""stay"",""the fuck"",""the fuck"",""home"",""home"",""stay the fuck home"",""picnic in the park!""]}",https://imgflip.com/memetemplate/231451789/Phoebe-Joey,/r/memes/comments/fmw8jw/it_really_do_be_like_that/,2024-12-05T20:53:21.501672Z
Reaction,390,1,"Oh look, Reddit",2024-11-14T05:37:48.727593Z,846,https://i.redd.it/reux0cdxhan51.jpg,,87.566,"{""text"":[""Me: *closes Reddit*"",""My fingers' muscle memory:"",""We need to go back!""]}",https://imgflip.com/memetemplate/19805826/We-have-to-go-back,/r/memes/comments/it6820/oh_look_reddit/,2024-12-05T20:53:34.458318Z
Exploitable,391,1,He is the chosen one. He will bring the change,2024-11-14T05:39:18.548881Z,847,https://i.redd.it/isw5svf6zbw61.jpg,https://knowyourmeme.com/memes/train-hitting-school-bus,109.475,life hack channels,https://imgflip.com/memetemplate/247113703/A-train-hitting-a-school-bus,/r/memes/comments/n1wilj/he_is_the_chosen_one_he_will_bring_the_change/,2024-12-05T20:53:57.188781Z
Reaction,392,1,It‚Äôs been real fam.,2024-11-14T05:40:52.716412Z,848,https://i.redd.it/evqhhdqqbt961.jpg,,91.638,Well it was a solid 5 days. Here's to 2022.,,/r/memes/comments/ks2asd/its_been_real_fam/,2024-11-14T05:40:52.716412Z
Exploitable,393,1,Wanna hear another joke,2024-11-14T05:41:47.716383Z,849,https://i.redd.it/00zo3ians0e61.jpg,https://knowyourmeme.com/memes/im-tired-of-pretending-its-not,420.824,"{""text"":[""Oh you think bankrupting a hedgefund is funny?"",""I do and I'm tired of pretending it's not""]}",https://imgflip.com/memetemplate/223053762/Im-tired-of-pretending-its-not,/r/memes/comments/l6qbnp/wanna_hear_another_joke/,2024-12-05T20:54:17.789683Z
Exploitable,394,1,Right as rain after that,2024-11-14T05:45:29.345527Z,850,https://i.redd.it/1wniz8ionv351.jpg,https://knowyourmeme.com/memes/lego-doctor,87.144,"{""text"":[""My stomach hurts"",""*19th century Doctor*"",""It's probably ghosts"",""Anyways, here's your prescription"",""Cocaine""]}",https://imgflip.com/memetemplate/251319957/Lego-doctor-higher-quality,/r/memes/comments/gzm2u0/right_as_rain_after_that/,2024-12-05T20:54:34.768356Z
Duality,395,1,Licensed Dad Joke,2024-11-14T05:46:06.600733Z,851,https://i.redd.it/nrj9smsfek951.jpg,https://knowyourmeme.com/memes/laughing-wolves,37.843,"{""text"":[""Dads telling jokes at home"",""Dads telling jokes at work""]}",https://imgflip.com/memetemplate/254510786/Laughing-wolves,/r/memes/comments/hnavd5/licensed_dad_joke/,2024-12-05T20:56:14.253046Z
Duality,396,1,Following your passion is hard in Asia,2024-11-14T05:47:23.960128Z,852,https://i.redd.it/7ux0uk3llrc51.jpg,https://knowyourmeme.com/memes/polish-jerry-khe-berga,86.8,"{""text"":[""My parents arguing whether I'll become a doctor or an engineer"",""Me who has alrady decided to be a Pokemon Trainer""]}",https://imgflip.com/memetemplate/96725881/Polish-Jerry,/r/memes/comments/hwy1o1/following_your_passion_is_hard_in_asia/,2024-12-05T20:56:26.276913Z
Reaction,397,1,Do dee do dee doo. Whoops!,2024-11-14T05:48:23.668051Z,853,https://i.redd.it/mogqphv12mi61.gif,https://knowyourmeme.com/memes/grandpa-simpson-walking-in-and-out,75.12,When you realize that you're in the wrong gif,https://imgflip.com/memetemplate/287255785/Grandpa-Simpson-Hat,/r/memes/comments/lo4jc2/do_dee_do_dee_doo_whoops/,2024-12-05T20:56:43.888567Z
Reaction,398,1,They are some greedy ones,2024-11-14T05:49:24.829916Z,854,https://i.redd.it/44g9h668t3y51.jpg,https://knowyourmeme.com/memes/disappointed-muhammad-sarim-akhtar,72.813,"{""text"":[""Farmers Stand In Silencec At Auction So A Young Man Can Buy Back His Family Farmhouse"",""The Bank""]}",https://imgflip.com/memetemplate/219458796/Disappointed-Muhammad-Sarim-Akhtar,/r/memes/comments/jqmj19/they_are_some_greedy_ones/,2024-12-05T20:56:58.925764Z
Escalating Progression,399,1,"Oh yes, I can finally play some gta v",2024-11-14T05:50:17.724280Z,855,https://i.redd.it/7zhbpr5f0vy41.jpg,https://knowyourmeme.com/memes/tuxedo-winnie-the-pooh,61.361,"{""text"":[""Pre-order a game"",""Buy the game when it releases"",""Wait almost a decade so you can get it for free""]}",https://imgflip.com/memetemplate/Tuxedo-Winnie-The-Pooh,/r/memes/comments/gk2pog/oh_yes_i_can_finally_play_some_gta_v/,2024-12-05T20:57:09.994207Z
Exploitable,400,1,Every time,2024-11-14T18:43:08.833739Z,856,https://i.redd.it/42vflyu4ykz51.jpg,,227.893,"{""text"":[""British accent"",""American accent"",""Me, a european who learned english from youtube""]}",https://imgflip.com/memetemplate/173690647/Metronome,/r/memes/comments/jv4nra/every_time/,2024-12-05T20:57:22.930089Z
Exploitable,401,1,Turns out nobody ever answered him,2024-11-14T18:44:05.005135Z,857,https://i.redd.it/d06yv5u08c761.jpg,,47.599,"{""text"":[""Me searching something on the internet"",""Random dude on a forum who had the same question 10 years ago""]}",,/r/memes/comments/kjz8z1/turns_out_nobody_ever_answered_him/,2024-11-14T18:44:05.005135Z
Exploitable,402,1,All the help we can give,2024-11-14T18:46:32.001148Z,858,https://i.redd.it/qeqvx12x94e61.jpg,https://knowyourmeme.com/memes/teenage-mutant-ninja-turtles-and-splinter,77.965,"{""text"":[""GameStop"",""9yr olds"",""19yr olds on reddit"",""GameStop""]}",https://imgflip.com/memetemplate/135037403/Old-splinter-tmnt,/r/memes/comments/l74knv/all_the_help_we_can_give/,2024-12-05T20:58:06.383370Z
Reaction,403,1,Its all coming together,2024-11-14T18:49:37.677006Z,859,https://i.redd.it/0wbivqv9nvr31.jpg,https://knowyourmeme.com/memes/oh-yeah-its-all-coming-together,198.5,,https://imgflip.com/memetemplate/193273103/Its-all-coming-together,/r/memes/comments/dgcej8/its_all_coming_together/,2024-12-05T20:58:23.705563Z
Reaction,404,1,I have no idea whatsoever,2024-11-14T18:51:35.874588Z,860,https://i.redd.it/xz83gt7jlxu61.gif,,62.583,"{""text"":[""Dentist: Why are you bleeding?"",""Them 5 seconds ago""]}",,/r/memes/comments/mww7f4/i_have_no_idea_whatsoever/,2024-11-14T18:51:35.874588Z
Reaction,405,1,Shut it off,2024-11-14T18:52:21.958562Z,861,https://i.redd.it/2aq8edkojow31.jpg,https://knowyourmeme.com/memes/were-all-gonna-die,51.056,"{""text"":[""7 year old me switching on the car light for one second"",""My dad:"",""We're all gonna die!""]}",https://imgflip.com/memetemplate/228349569/Were-all-gonna-die,/r/memes/comments/dricue/shut_it_off/,2024-12-05T20:58:39.371830Z
Image Macro,406,1,did it happen to all of us?,2024-11-14T18:55:20.246781Z,862,https://i.redd.it/9kvm8knv5v961.jpg,,179.309,"{""text"":[""POV YOU'RE 12 YEARS OLD , SWIMSUIT IS DRIPPING WET, AND YOU'RE COLD AS FUCK"",""AND YOU DONT REMEMBER WHAT FLOOR YOUR ROOM IS ON""]}",,/r/memes/comments/ks8ctf/did_it_happen_to_all_of_us/,2024-11-14T18:58:08.519230Z
Image Macro,407,1,"Quick, while the British are sleeping.",2024-11-14T18:58:02.562245Z,863,https://i.redd.it/e3zwkg6zfma61.jpg,,152.732,"{""text"":[""FUNNY HOW THE BRITISH CONQUERED SO MUCH LAND LOOKING FOR SPICES"",""BUT THEN REFUSED TO USE THEM""]}",,/r/memes/comments/kuu1np/quick_while_the_british_are_sleeping/,2024-11-14T18:58:02.562245Z
Reaction,408,1,*happy bubonic noises*,2024-11-14T19:01:17.912537Z,864,https://i.redd.it/n7lh6x2wz7841.jpg,https://knowyourmeme.com/memes/geralts-hmm,207.879,When it's finally 2020 but you realize that both 1820 and 1920 had massive plague outbreaks,https://imgflip.com/memetemplate/229543689/Geralt-hmmm,/r/memes/comments/eimmhx/happy_bubonic_noises/,2024-12-05T20:59:08.641819Z
Reaction,409,1,Hot climate,2024-11-14T19:18:43.534178Z,865,https://i.redd.it/uqh27jjj8bu61.jpg,https://knowyourmeme.com/memes/mexican-filter,482.436,American producers when the scene of a movie takes place in Mexico,,/r/memes/comments/munuxm/hot_climate/,2024-11-14T19:18:43.534178Z
Exploitable,410,1,Seriously,2024-11-14T19:20:50.967998Z,866,https://i.redd.it/k47mb3l46c451.jpg,https://knowyourmeme.com/memes/come-closer-i-need,97.788,"{""text"":[""Come closer..."",""I need..."",""I need..."",""I need you to stop recommending live broadcasts""]}",https://imgflip.com/memetemplate/252694892/spongebob-come-closer-template,/r/memes/comments/h16nue/seriously/,2024-12-05T20:59:41.714923Z
Reaction,411,1,Harold should be meme of the decade,2024-11-14T19:21:45.907259Z,867,https://i.redd.it/uip0indm0m741.jpg,https://knowyourmeme.com/memes/hide-the-pain-harold,63.462,When you are the only guy supporting Harold for meme of the decade,https://imgflip.com/memetemplate/Hide-the-Pain-Harold,/r/memes/comments/eh8txp/harold_should_be_meme_of_the_decade/,2024-12-05T20:59:53.556702Z
Reaction,412,1,Makes the calculations simpler,2024-11-14T19:33:05.019416Z,868,https://i.redd.it/v7opjah2ck461.gif,,677.471,When the physics teacher tells you that friction can be ignored,,/r/memes/comments/kb357l/makes_the_calculations_simpler/,2024-11-14T19:33:05.019416Z
,437,1,I'm convinced the paparazzi are sociopaths,2024-11-20T01:01:54.621445Z,869,https://v.redd.it/fk9xpew8wnl71,,0.89,,,/r/memes/comments/piapdp/im_convinced_the_paparazzi_are_sociopaths/,2024-11-20T01:01:54.621445Z
Exploitable,413,1,She has probably made 60k in the amount of time it took me to make this meme,2024-11-14T19:37:07.432095Z,870,https://i.redd.it/7d9x3zq7dlo61.jpg,https://knowyourmeme.com/memes/boardroom-suggestion,238.735,"{""text"":[""Alright we need 60k for my friends emergency brain surgery."",""GoFundMe"",""GoFundMe"",""Why don't you just fucking pay for it?""]}",https://imgflip.com/memetemplate/Boardroom-Meeting-Suggestion,/r/memes/comments/map6ds/she_has_probably_made_60k_in_the_amount_of_time/,2024-12-05T21:00:33.992461Z
Duality,414,1,Thanks a lot brain,2024-11-14T19:38:42.781397Z,871,https://i.redd.it/69g5axregoz61.jpg,,93.092,"{""text"":[""My brain recording my good memories"",""My brain recording my cringe memories""]}",,/r/memes/comments/neffg5/thanks_a_lot_brain/,2024-11-14T19:38:42.781397Z
Escalating Progression,415,1,I love Amusement Parks,2024-11-14T19:40:08.136641Z,872,https://i.redd.it/hl71dyelq4a51.png,https://knowyourmeme.com/memes/monkey-puppet,95.676,"{""text"":[""Me and a stranger in the bumpers cars when we bump for the first time"",""When we bump for the 6th time""]}",https://imgflip.com/memetemplate/Monkey-Puppet,/r/memes/comments/hp1b07/i_love_amusement_parks/,2024-12-05T21:00:52.796773Z
Reaction,416,1,Your silly warning cannot stop me,2024-11-14T19:41:47.546695Z,873,https://i.redd.it/wdgjpcm6v5t61.jpg,,95.02,"{""text"":[""Email: DO NOT REPLY TO THIS EMAIL"",""Me: * replies to the email*"",""The email center:""]}",,/r/memes/comments/mqthyg/your_silly_warning_cannot_stop_me/,2024-11-14T19:41:47.546695Z
Reaction,417,1,Excuse me.. Wtf?,2024-11-19T02:50:16.388226Z,874,https://i.redd.it/1owkm5r3wi561.gif,,412.867,Me when i actually start reading privacy policies,,/r/memes/comments/ke6j9j/excuse_me_wtf/,2024-11-19T02:50:16.388226Z
Exploitable,418,1,not this shit again,2024-11-19T02:51:44.795038Z,875,https://i.redd.it/6e6z2me93zp61.png,https://knowyourmeme.com/memes/death-and-the-dog,106.887,"{""text"":[""IT IS TIME TO GO."",""WAS I A GOOD MEME?"",""YES"",""NOW LET'S GO"",""I CAN'T IM STUCK""]}",https://imgflip.com/memetemplate/255549266/It-is-time-to-go,/r/memes/comments/mfq2pz/not_this_shit_again/,2024-12-05T21:01:17.371601Z
Duality,419,1,I thought only I could do that,2024-11-19T02:54:36.716582Z,876,https://i.redd.it/1zq5hsvzytk61.jpg,,96.977,"{""text"":[""Healing myself 27 times"",""The boss heals Himself once""]}",https://imgflip.com/memetemplate/256088914/Mordecai-disgusted,/r/memes/comments/lwwbwn/i_thought_only_i_could_do_that/,2024-11-19T02:54:36.716582Z
Exploitable,420,1,Last online *October*,2024-11-19T02:55:46.224772Z,877,https://i.redd.it/1lprd5j4c4a61.jpg,https://knowyourmeme.com/memes/mother-ignoring-kid-drowning-in-a-pool,79.67,"{""text"":[""Elon musk becoming world richest man "",""REDDIT"",""Jeff Bezos"",""Jack Ma who dissapeared last year after giving an opinion against Chinese government""]}",https://imgflip.com/memetemplate/252758727/Mother-Ignoring-Kid-Drowning-In-A-Pool,/r/memes/comments/kt3guk/last_online_october/,2024-12-05T21:01:36.509736Z
Reaction,421,1,One of the happiest moments in life,2024-11-19T03:01:23.909019Z,878,https://i.redd.it/rnn14f29gf551.jpg,,29.362,when you meet your FBI guy during a riot,,/r/memes/comments/hamwzf/one_of_the_happiest_moments_in_life/,2024-11-19T03:01:23.909019Z
,422,1,Universal guide to men's nodding. Made in Paint.,2024-11-19T03:02:26.320984Z,879,https://i.redd.it/qldrdzcjj7n61.png,,184.535,"{""text"":[""Hey, man, what's up?"",""UP NOD"",""Hey, I need to talk to you."",""MAN'S RIGHT NOD"",""Yo, man, check this girl out!"",""MAN'S LEFT NOD"",""DOWN NOD"",""Greetings sir. You have my respect.""]}",,/r/memes/comments/m5mrth/universal_guide_to_mens_nodding_made_in_paint/,2024-11-19T03:04:55.970996Z
Reaction,423,1,Didn‚Äôt think about that,2024-11-19T03:05:43.729885Z,880,https://i.redd.it/yw52evjtlw061.jpg,,46.711,"{""text"":[""Simba: My uncle killed my father and is trying to kill me now."","" Timon and Pumbaa: Oh wow have you tried just not fucking worrying about it?""]}",,/r/memes/comments/jz9cf6/didnt_think_about_that/,2024-11-19T03:05:43.729885Z
Reaction,424,1,Maybe she's hard to forget,2024-11-19T03:06:19.807330Z,881,https://i.redd.it/1cznolix8ik51.jpg,https://knowyourmeme.com/memes/oof-stones,46.063,"Not saying my ex is fat,... but my memory foam mattress bed took a year to forget her.",https://imgflip.com/memetemplate/222235088/Oof-Stones,/r/memes/comments/ikh5g5/maybe_shes_hard_to_forget/,2024-12-05T21:01:56.019849Z
Exploitable,425,1,they belong in arkham,2024-11-19T03:06:38.684130Z,882,https://i.redd.it/v0eic0ly0rj51.jpg,https://knowyourmeme.com/memes/kids-scared-of-rabbit,40.116,"{""text"":[""Serial killers"",""Psychopaths"",""People who type (: instead of :)""]}",https://imgflip.com/memetemplate/268857157/Kids-Afraid-of-Rabbit,/r/memes/comments/ii7f91/they_belong_in_arkham/,2024-12-05T21:02:08.539227Z
Reaction,426,1,Man got scared asf,2024-11-19T03:09:12.748926Z,883,https://i.redd.it/l2ldkoiuirt61.gif,,140.799,When you lived too long in the wrong hood,,/r/memes/comments/msu71y/man_got_scared_asf/,2024-11-19T03:09:12.748926Z
Reaction,427,1,I'm the captain now,2024-11-19T03:10:24.017301Z,884,https://i.redd.it/ejfv5dfq52e61.gif,,39.121,Reddit taking control over GameStop stock:,,/r/memes/comments/l6uedb/im_the_captain_now/,2024-11-19T03:10:24.017301Z
Escalating Progression,428,1,Helicopter goes brrrr,2024-11-19T03:11:59.158043Z,885,https://i.redd.it/j0u8g9pxa4n51.png,,93.877,"{""text"":[""Me when a helicopter passes"",""AGE 10"",""AGE 40""]}",,/r/memes/comments/isl4xs/helicopter_goes_brrrr/,2024-11-19T03:11:59.158043Z
,438,1,Microsoft word,2024-11-20T01:01:57.413562Z,886,https://v.redd.it/65w13eorjax61,,0.641,,,/r/memes/comments/n5e61n/microsoft_word/,2024-11-20T01:01:57.413562Z
Reaction,429,1,iOS 14 bout to expose some people,2024-11-19T03:13:01.655099Z,887,https://i.redd.it/eb6pssvrhu751.jpg,https://knowyourmeme.com/memes/im-about-to-end-this-mans-whole-career,72.649,"{""text"":[""Apple:"",""I'm about to end Facebook's whole career""]}",https://imgflip.com/memetemplate/173353533/Im-about-to-end-this-mans-whole-career,/r/memes/comments/hhz6dx/ios_14_bout_to_expose_some_people/,2024-12-05T21:02:28.856465Z
Escalating Progression,430,1,The Darwin Incident,2024-11-19T03:14:01.081564Z,888,https://i.redd.it/otvjol1ea9y81.gif,,54.906,What evolution does to a mf,,/r/memes/comments/ul20xa/the_darwin_incident/,2024-11-19T03:14:01.081564Z
Duality,431,1,I don't own any...,2024-11-19T03:14:56.933662Z,889,https://i.redd.it/uir5hhd0f0361.jpg,https://knowyourmeme.com/memes/soyjaks-vs-chads,53.395,"{""text"":[""Dog Owners:"",""What breed is that, Husky?"",""No! That's an Alaskan Malamute!!!"",""Cat Owners:"",""Hey, What breed is he?"",""Cat.""]}",https://imgflip.com/memetemplate/232844223/Soyboy-Vs-Yes-Chad,/r/memes/comments/k62439/i_dont_own_any/,2024-12-05T21:02:40.725481Z
Reaction,432,1,nro that feeling,2024-11-19T03:15:31.763027Z,890,https://i.redd.it/vp4wdmsoz4c51.jpg,,33.78,yeah sex is cool but had you farted so good that your stomach ache is gone,,/r/memes/comments/hv0qbj/nro_that_feeling/,2024-11-19T03:15:31.763027Z
Reaction,433,1,That was a close one,2024-11-19T03:28:08.342667Z,891,https://i.redd.it/da8h2xbjepu51.jpg,https://knowyourmeme.com/memes/hidden-talent-of-mine-making-babies-laugh,55.561,NASA when an asteroid narrowly misses the earth by 545 million miles,https://imgflip.com/memetemplate/314009899/Hidden-talent-of-mine,/r/memes/comments/jg7j2u/that_was_a_close_one/,2024-12-05T21:03:01.483697Z
Duality,434,1,languages in a nutshell,2024-11-19T03:28:42.448482Z,892,https://i.redd.it/j9u89ekcbbe41.png,,32.439,"{""text"":[""writing"",""speaking"",""English"",""French"",""German"",""Italian"",""Russian""]}",,/r/memes/comments/ex5yzk/languages_in_a_nutshell/,2024-11-19T03:28:42.448482Z
