Ontology,image_url,other_link
Escalating Progression,https://i.redd.it/70zdjiilli351.jpg,https://imgflip.com/meme/Clown-Applying-Makeup
Reaction,https://i.redd.it/g4vm7de3q4j51.jpg,https://imgflip.com/meme/231792809/sad-thumbs-up-cat
Reaction,https://i.redd.it/x4s2e60m7vm41.jpg,https://imgflip.com/meme/173140634/The-Office-Mexican-Standoff
Exploitable,https://i.imgur.com/KpwIuSO.png,https://imgflip.com/meme/The-Rock-Driving
Reaction,https://i.redd.it/ttfhavjmd1x51.png,https://imgflip.com/meme/179274201/Elon-Musk-Laughing
Reaction,https://i.redd.it/ycrjw204b9e61.gif,https://imgflip.com/meme/466529484/dj-cat
Exploitable,https://i.redd.it/cul580390k661.jpg,https://imgflip.com/meme/389975637/Mercury-Transits-the-Sun
Escalating Progression,https://i.redd.it/c06hvlfni9651.jpg,https://imgflip.com/meme/Panik-Kalm-Panik
Reaction,https://i.redd.it/vmadxu8d51o41.jpg,
Exploitable,https://i.redd.it/ncrm4syv08r41.jpg,https://imgflip.com/meme/223617975/Undertaker-entering-the-arena
Reaction,https://i.redd.it/n4ildkpurph61.png,https://imgflip.com/meme/267521271/You-will-Leonardo-django
Reaction,https://i.redd.it/63l9c85hmex51.jpg,
Reaction,https://i.redd.it/djw0xedkm8z81.gif,https://imgflip.com/meme/371340941/Jerry-Lawler-laughing
Image Macro,https://i.redd.it/y5q2ylf36gm61.jpg,https://imgflip.com/meme/106811974/ted-talk-gorilla
Reaction,https://i.redd.it/hnwx02w0t6e61.jpg,https://imgflip.com/meme/376960888/Mac-and-Charlie-crying
Exploitable,https://i.redd.it/2v3ucovw2dk51.jpg,https://imgflip.com/meme/259910609/Confused-Reporter
Duality,https://i.redd.it/p6hpt00hl0k81.jpg,
Reaction,https://i.redd.it/hujzswawcsf51.jpg,https://imgflip.com/meme/Laughing-Leo
,http://i.imgur.com/OyrGZMr.gifv,
Reaction,https://i.redd.it/kwcqipuz5il51.jpg,
Exploitable,https://i.redd.it/mt1p2undiwo31.jpg,
Reaction,https://i.redd.it/cjtg6wdt99951.jpg,https://imgflip.com/meme/212338382/You-son-of-a-bitch-Im-in
Duality,https://i.redd.it/b11mbpxapxg51.jpg,https://imgflip.com/meme/332423356/Depressed-Tom--Jerry
Exploitable,https://i.redd.it/gsqgq6uwuau51.jpg,https://imgflip.com/meme/254510786/Laughing-wolves
Image Macro,https://i.redd.it/kvb5q07e27x41.jpg,https://imgflip.com/meme/39442158/Key-and-Peele-Substitute-Teacher
Reaction,https://i.redd.it/nzkdkyfr2hz41.jpg,https://imgflip.com/meme/299540010/Why-is-no-one-having-a-good-time-I-specifically-requested-it
Exploitable,https://i.redd.it/rohlh1e8k0n41.jpg,https://imgflip.com/meme/Hide-the-Pain-Harold
Reaction,https://i.redd.it/4gju47kt3hb61.jpg,https://imgflip.com/meme/211080276/Loading-cat
Reaction,https://i.redd.it/l8yz2fyk3hr71.jpg,https://imgflip.com/memegenerator/166152526/Dont-touch-my-garbage
Duality,https://i.redd.it/8ze5zhn5m1g61.gif,
Image Macro,https://i.redd.it/spe7qpjedcv61.gif,https://imgflip.com/memegenerator/Left-Exit-12-Off-Ramp
,https://v.redd.it/h58jtjhurq561,
Image Macro,https://i.redd.it/29h8ntdldma51.jpg,https://imgflip.com/memegenerator/Always-Has-Been
Reaction,https://i.redd.it/w98k1i6ce4761.gif,https://imgflip.com/meme/388149985/Worried-Hiroshi-Uchiyamada-GTO
Image Macro,https://i.redd.it/72ofect87t751.jpg,
Exploitable,https://i.redd.it/omyyroc83w551.jpg,https://imgflip.com/meme/158345184/Business-Handshake
Reaction,https://i.redd.it/dyecygddx4i51.jpg,https://imgflip.com/meme/237730045/Pointing-Rick-Dalton
Reaction,https://i.redd.it/emn90d5nbqn51.jpg,https://imgflip.com/meme/225475330/RICARDO-MILOS
Reaction,https://i.redd.it/fnbkdh8fwza91.gif,https://imgflip.com/meme/376068348/patrick-bateman-walking
Reaction,https://i.redd.it/uonxofnh1gr31.jpg,https://imgflip.com/meme/161887818/modern-problems
Reaction,https://i.redd.it/ojd7xhofyz951.png,
Duality,https://i.redd.it/te95nxfwxl471.png,https://imgflip.com/meme/232844223/Soyboy-Vs-Yes-Chad
Reaction,https://i.redd.it/qtmo4imk5ry41.jpg,
Reaction,https://i.redd.it/yne085xajui41.jpg,https://imgflip.com/meme/228652713/Now-say-my-name
Reaction,https://i.redd.it/rgce12mplle51.jpg,https://imgflip.com/meme/Leonardo-Dicaprio-Cheers
Duality,https://i.redd.it/y4ubkjfo6nq51.jpg,https://imgflip.com/meme/Drake-Hotline-Bling
Reaction,https://i.redd.it/ger0ho5tg9w51.jpg,
Reaction,https://i.redd.it/2b6zkpyh98x51.png,
Exploitable,https://i.redd.it/vdfvhoq1lge61.jpg,https://imgflip.com/meme/14199573/Jack-Sparrow-you-have-heard-of-me
Duality,https://i.redd.it/josb2tipdxfd1.jpeg,
Exploitable,https://i.imgur.com/9JW6gmL.jpg,
Reaction,https://i.redd.it/2my2zdc4pa251.jpg,https://imgflip.com/meme/Unsettled-Tom
Exploitable,https://i.redd.it/hu25l44ii6o41.jpg,https://imgflip.com/meme/231451789/Phoebe-Joey
Reaction,https://i.redd.it/reux0cdxhan51.jpg,https://imgflip.com/meme/19805826/We-have-to-go-back
Exploitable,https://i.redd.it/isw5svf6zbw61.jpg,https://imgflip.com/meme/247113703/A-train-hitting-a-school-bus
Reaction,https://i.redd.it/evqhhdqqbt961.jpg,
Exploitable,https://i.redd.it/00zo3ians0e61.jpg,https://imgflip.com/meme/223053762/Im-tired-of-pretending-its-not
Exploitable,https://i.redd.it/1wniz8ionv351.jpg,https://imgflip.com/meme/251319957/Lego-doctor-higher-quality
Duality,https://i.redd.it/nrj9smsfek951.jpg,https://imgflip.com/meme/254510786/Laughing-wolves
Duality,https://i.redd.it/7ux0uk3llrc51.jpg,https://imgflip.com/meme/96725881/Polish-Jerry
Reaction,https://i.redd.it/mogqphv12mi61.gif,https://imgflip.com/meme/287255785/Grandpa-Simpson-Hat
Reaction,https://i.redd.it/44g9h668t3y51.jpg,https://imgflip.com/meme/219458796/Disappointed-Muhammad-Sarim-Akhtar
Escalating Progression,https://i.redd.it/7zhbpr5f0vy41.jpg,https://imgflip.com/meme/Tuxedo-Winnie-The-Pooh
Exploitable,https://i.redd.it/42vflyu4ykz51.jpg,https://imgflip.com/meme/173690647/Metronome
Exploitable,https://i.redd.it/d06yv5u08c761.jpg,
Exploitable,https://i.redd.it/qeqvx12x94e61.jpg,https://imgflip.com/meme/135037403/Old-splinter-tmnt
Reaction,https://i.redd.it/0wbivqv9nvr31.jpg,https://imgflip.com/meme/193273103/Its-all-coming-together
Reaction,https://i.redd.it/xz83gt7jlxu61.gif,
Reaction,https://i.redd.it/2aq8edkojow31.jpg,https://imgflip.com/meme/228349569/Were-all-gonna-die
Image Macro,https://i.redd.it/9kvm8knv5v961.jpg,
Image Macro,https://i.redd.it/e3zwkg6zfma61.jpg,
Reaction,https://i.redd.it/n7lh6x2wz7841.jpg,https://imgflip.com/meme/229543689/Geralt-hmmm
Reaction,https://i.redd.it/uqh27jjj8bu61.jpg,
Exploitable,https://i.redd.it/k47mb3l46c451.jpg,https://imgflip.com/meme/252694892/spongebob-come-closer-
Reaction,https://i.redd.it/uip0indm0m741.jpg,https://imgflip.com/meme/Hide-the-Pain-Harold
Reaction,https://i.redd.it/v7opjah2ck461.gif,
,https://v.redd.it/fk9xpew8wnl71,
Exploitable,https://i.redd.it/7d9x3zq7dlo61.jpg,https://imgflip.com/meme/Boardroom-Meeting-Suggestion
Duality,https://i.redd.it/69g5axregoz61.jpg,
Escalating Progression,https://i.redd.it/hl71dyelq4a51.png,https://imgflip.com/meme/Monkey-Puppet
Reaction,https://i.redd.it/wdgjpcm6v5t61.jpg,
Reaction,https://i.redd.it/1owkm5r3wi561.gif,
Exploitable,https://i.redd.it/6e6z2me93zp61.png,https://imgflip.com/meme/255549266/It-is-time-to-go
Duality,https://i.redd.it/1zq5hsvzytk61.jpg,https://imgflip.com/meme/256088914/Mordecai-disgusted
Exploitable,https://i.redd.it/1lprd5j4c4a61.jpg,https://imgflip.com/meme/252758727/Mother-Ignoring-Kid-Drowning-In-A-Pool
Reaction,https://i.redd.it/rnn14f29gf551.jpg,
,https://i.redd.it/qldrdzcjj7n61.png,
Reaction,https://i.redd.it/yw52evjtlw061.jpg,
Reaction,https://i.redd.it/1cznolix8ik51.jpg,https://imgflip.com/meme/222235088/Oof-Stones
Exploitable,https://i.redd.it/v0eic0ly0rj51.jpg,https://imgflip.com/meme/268857157/Kids-Afraid-of-Rabbit
Reaction,https://i.redd.it/l2ldkoiuirt61.gif,
Reaction,https://i.redd.it/ejfv5dfq52e61.gif,
Escalating Progression,https://i.redd.it/j0u8g9pxa4n51.png,
,https://v.redd.it/65w13eorjax61,
Reaction,https://i.redd.it/eb6pssvrhu751.jpg,https://imgflip.com/meme/173353533/Im-about-to-end-this-mans-whole-career
Escalating Progression,https://i.redd.it/otvjol1ea9y81.gif,
Duality,https://i.redd.it/uir5hhd0f0361.jpg,https://imgflip.com/meme/232844223/Soyboy-Vs-Yes-Chad
Reaction,https://i.redd.it/vp4wdmsoz4c51.jpg,
Reaction,https://i.redd.it/da8h2xbjepu51.jpg,https://imgflip.com/meme/314009899/Hidden-talent-of-mine
Duality,https://i.redd.it/j9u89ekcbbe41.png,
Exploitable,https://i.redd.it/zzve096nt9wd1.jpeg,https://imgflip.com/meme/235400463/Killer-whale-eats-seal
Reaction,https://i.redd.it/r0p3tpkdixzd1.jpeg,https://imgflip.com/meme/432699165/Interview-with-a-vampire
Exploitable,https://i.redd.it/26tj84fotrvd1.png,
Escalating Progression,https://i.redd.it/wex1lt379pwd1.jpeg,
Exploitable,https://i.redd.it/ul4wd6mpd2zd1.jpeg,https://imgflip.com/meme/151658397/Lets-see-who-this-really-is
,https://i.redd.it/vc1d7vl4dqzd1.jpeg,
Escalating Progression,https://i.redd.it/4kon1ss1txwd1.jpeg,https://imgflip.com/meme/86656544/black-guy-happy-sad
Exploitable,https://i.redd.it/gwibagcl4pxd1.jpeg,https://imgflip.com/meme/256518864/Blue-Armor-knight
Exploitable,https://i.redd.it/8ndljffq3czd1.jpeg,https://imgflip.com/meme/99159044/Am-I-Out-of-Touch
Exploitable,https://i.redd.it/gsz7gamwmavd1.jpeg,https://imgflip.com/meme/153695877/the-office-congratulations
Exploitable,https://i.redd.it/bovmw1pglyvd1.png,https://imgflip.com/meme/135194524/ron-swanson-mental-illness
Reaction,https://i.redd.it/cxjyn5s7gfwd1.jpeg,https://imgflip.com/meme/443501480/elmo-rise
Reaction,https://i.redd.it/11nbhoq5twvd1.gif,
Escalating Progression,https://i.redd.it/dvk5xggfolwd1.jpeg,https://imgflip.com/meme/50421420/Disappointed-Black-Guy
Reaction,https://i.redd.it/onkgt54mdoxd1.jpeg,https://imgflip.com/meme/Monkey-Puppet
Exploitable,https://i.redd.it/uat1b0vid4vd1.jpeg,https://imgflip.com/meme/337843361/Brendan-Frasers-Bad-Pun-Reaction
Reaction,https://i.redd.it/z3r8jiqt9rwd1.png,https://imgflip.com/meme/534284594/Bugs-Bunny-Dying
Exploitable,https://i.redd.it/bbq4x63vwcwd1.jpeg,https://imgflip.com/meme/219629845/Picard-Q-Whisper
Reaction,https://i.redd.it/x6m075ihewwd1.jpeg,https://imgflip.com/meme/542581333/Homelander-disgusted
Escalating Progression,https://i.redd.it/ugs65c61plyd1.png,https://imgflip.com/meme/68947697/Harambe
Exploitable,https://i.redd.it/odvixyjbeh0e1.jpeg,
Reaction,https://i.redd.it/2wz38k4da4vd1.gif,https://imgflip.com/gif-maker/345987437/Pedro-Pascal-crying
Exploitable,https://i.redd.it/edqn6dff8hxd1.jpeg,https://imgflip.com/meme/407667355/Lois-Prescription-Pills
Duality,https://i.redd.it/mwl8sdzauvxd1.jpeg,https://imgflip.com/meme/Buff-Doge-vs-Cheems
Exploitable,https://i.redd.it/dqd0ji5ks4yd1.png,https://imgflip.com/meme/60289487/Dr-Evil-One-Million
Reaction,https://i.redd.it/7iic4r8aotwd1.gif,https://imgflip.com/meme/522017751/King-Kong-Punches
Duality,https://i.redd.it/ozvx6mycwiyd1.jpeg,https://imgflip.com/meme/484381643/I-Miss-The-Idea-Of-It
Reaction,https://i.redd.it/os8xs2xkf6zd1.png,https://imgflip.com/meme/526468558/Larry-David-Curb-See-You-Tomorrow
Exploitable,https://i.redd.it/k7knprs475wd1.jpeg,https://imgflip.com/meme/384789823/you-get-credit-for-trying
Exploitable,https://i.redd.it/xwrlwfjqwzxd1.jpeg,https://imgflip.com/meme/150365860/Shrek-For-Five-Minutes
Reaction,https://i.redd.it/pb83yn679zwd1.jpeg,https://imgflip.com/meme/207624214/Mr-Krabs-Fire-Halloween
Reaction,https://i.redd.it/8p87qj76eizd1.jpeg,
Reaction,https://i.redd.it/1y3mmndd3dxd1.jpeg,https://imgflip.com/meme/262103646/Return-the-slab
Duality,https://i.redd.it/3ag3hgjoepzd1.jpeg,
Exploitable,https://i.redd.it/bh2d2nhcnbzd1.jpeg,https://imgflip.com/meme/533328681/literal-coolest-thing-ever
Reaction,https://i.redd.it/q4jpc4sj1tvd1.png,
Reaction,https://i.redd.it/cb4224i44hzd1.jpeg,https://imgflip.com/meme/299520826/WandaVision-Agnes-wink
Duality,https://i.redd.it/ms5qlxp41yxd1.jpeg,https://imgflip.com/meme/50421420/Disappointed-Black-Guy
Reaction,https://i.redd.it/vp3ol0g1qa0e1.gif,https://imgflip.com/meme/400568317/Lorax-Money
Reaction,https://i.redd.it/anw5woq2m3wd1.gif,
Reaction,https://i.redd.it/ag2wkptvafyd1.jpeg,
Reaction,https://i.redd.it/lim8jydcqvyd1.jpeg,
Exploitable,https://i.redd.it/yjnd8jhht7xd1.png,https://imgflip.com/meme/212319280/Pink-Guy-vs-Bane
Duality,https://i.redd.it/h28fg29uwtxd1.png,
Exploitable,https://i.redd.it/37s0059udnvd1.jpeg,https://imgflip.com/meme/157043617/Homer-Simpsons-Back-Fat
Duality,https://i.redd.it/gr5x6sj4hxud1.gif,
Exploitable,https://i.redd.it/x03ksuzcxmwd1.jpeg,https://imgflip.com/meme/264602781/Squeaky-Boots
Reaction,https://i.redd.it/jwa4kaag1qyd1.jpeg,https://imgflip.com/meme/46144916/J-Jonah-Jameson-laughing
Exploitable,https://i.redd.it/1xs7r75wehxd1.jpeg,https://imgflip.com/meme/157043617/Homer-Simpsons-Back-Fat
Exploitable,https://i.redd.it/oh4q7dggovyd1.jpeg,https://imgflip.com/meme/337843361/Brendan-Frasers-Bad-Pun-Reaction
Exploitable,https://i.redd.it/ugg2slwx2dvd1.jpeg,https://imgflip.com/meme/322841258/Anakin-Padme-4-Panel
Reaction,https://i.redd.it/ldoqx86as2zd1.jpeg,https://imgflip.com/meme/354000104/Im-tired-boss
Exploitable,https://i.redd.it/6mi8j879mizd1.jpeg,https://imgflip.com/meme/552975122/Man-sees-X-Man-happy
Exploitable,https://i.redd.it/s28wzw092gvd1.jpeg,https://imgflip.com/meme/337843361/Brendan-Frasers-Bad-Pun-Reaction
Reaction,https://i.redd.it/pghrcceddivd1.jpeg,https://imgflip.com/meme/186345597/Ill-never-forgive-the-Japanese
Exploitable,https://i.redd.it/ph2rf3lo9jvd1.jpeg,https://imgflip.com/meme/I-Bet-Hes-Thinking-About-Other-Women
Escalating Progression,https://i.redd.it/fqeud0ug2awd1.jpeg,https://imgflip.com/meme/245901889/Yes-Honey
Reaction,https://i.redd.it/c90rwogueavd1.jpeg,https://imgflip.com/meme/224688420/Whats-on-your-mind
Reaction,https://i.redd.it/nm2ih00l83yd1.jpeg,https://imgflip.com/meme/555719920/I-robot-Tesla
Reaction,https://i.redd.it/a2k4m19lgpyd1.jpeg,https://imgflip.com/meme/453425234/Cat-looks-inside
Exploitable,https://i.redd.it/wyubhz3c3qwd1.jpeg,https://imgflip.com/meme/337843361/Brendan-Frasers-Bad-Pun-Reaction
Exploitable,https://i.redd.it/9nv5mdj9azvd1.png,https://imgflip.com/meme/556555819/Trump-McDonalds
Exploitable,https://i.redd.it/qpp2pscgmxxd1.png,
Reaction,https://i.redd.it/d7xiamjbcsxd1.jpeg,https://imgflip.com/meme/Michael-Jackson-Popcorn
Exploitable,https://i.redd.it/ai632qol6fyd1.jpeg,https://imgflip.com/meme/310880179/Out-of-line-but-hes-right
Reaction,https://i.redd.it/bml22vxu2i0e1.jpeg,https://imgflip.com/meme/308206537/Dumb-Wojak
Reaction,https://i.redd.it/6ot5upya6e0e1.gif,
Exploitable,https://i.redd.it/aujdemef5yyd1.jpeg,https://imgflip.com/meme/552975122/Man-sees-X-Man-happy
Reaction,https://i.redd.it/r3o2eoddg1yd1.png,https://imgflip.com/meme/202216342/You-are-as-beautiful-as-the-day-I-lost-you
Exploitable,https://i.redd.it/l5l54xwmthxd1.png,https://imgflip.com/meme/186198160/How-to-train-your-dragon-3
Exploitable,https://i.redd.it/32vt75mnx30e1.jpeg,https://imgflip.com/meme/254221923/Fighting
Exploitable,https://i.redd.it/2kxlt9tqt2yd1.jpeg,https://imgflip.com/meme/255549266/It-is-time-to-go
Reaction,https://i.redd.it/s36qh0pux6vd1.jpeg,
Duality,https://i.redd.it/huyoudnv2ivd1.jpeg,https://imgflip.com/meme/205183823/Im-awake-but-at-what-cost
Exploitable,https://i.redd.it/r4r97nvw72vd1.jpeg,https://imgflip.com/meme/Two-Buttons
,https://i.redd.it/kd22w0xs4ovd1.jpeg,
Reaction,https://i.redd.it/u8qu62v9pyvd1.jpeg,https://imgflip.com/meme/Waiting-Skeleton
Exploitable,https://i.redd.it/7xdm956qxjxd1.png,https://imgflip.com/meme/220931478/Brooklyn-99-Set-the-bar-too-low
Reaction,https://i.redd.it/0i4rk45op80e1.jpeg,
Reaction,https://i.redd.it/kqjdbnsnu5wd1.jpeg,https://imgflip.com/meme/431618489/Kazuya-Guy
Exploitable,https://i.redd.it/zcvz5czddyud1.jpeg,https://imgflip.com/meme/Grus-Plan
Exploitable,https://i.redd.it/2r5n4ckd600e1.jpeg,https://imgflip.com/meme/156766428/Knights-of-the-Round-Table
Reaction,https://i.redd.it/bn25p51q73vd1.jpeg,
Reaction,https://i.redd.it/dzpf6h80n1xd1.jpeg,https://imgflip.com/meme/213263402/I-must-get-out-of-here-as-quick-as-possible
Duality,https://i.redd.it/ljbftgcw7czd1.jpeg,
Duality,https://i.redd.it/r56gmj8iwavd1.jpeg,https://imgflip.com/meme/50421420/Disappointed-Black-Guy
Exploitable,https://i.redd.it/k139nbcid40e1.jpeg,https://imgflip.com/meme/549163522/I-like-music-500-days-of-summer
Duality,https://i.redd.it/5adukizkt4zd1.jpeg,https://imgflip.com/meme/337688860/Happy-Wojak-vs-Depressed-Wojak
Reaction,https://i.redd.it/i4j7atbu7uwd1.jpeg,https://imgflip.com/meme/166705444/Arnold-Schwarzenegger
Duality,https://i.redd.it/2uie5pb2grxd1.jpeg,https://imgflip.com/meme/310368015/Worried-Hiroshi
Duality,https://i.redd.it/tsqn8y36s3xd1.png,https://imgflip.com/meme/16339706/naruto-thumbs-up
Reaction,https://i.redd.it/dpid44n20ayd1.jpeg,https://imgflip.com/meme/216126071/Squidward-Spare-Change
Exploitable,https://i.redd.it/d86j4ch3cwzd1.jpeg,https://imgflip.com/meme/165843635/Angela-scared-Dwight
Exploitable,https://i.redd.it/b47af2qojq2e1.jpeg,https://imgflip.com/meme/463637757/Joe-Pesci-what-the
Exploitable,https://i.redd.it/jopexsy6131e1.jpeg,https://imgflip.com/meme/295089902/I-dont-care-if-you-win-I-just-need-X-to-lose
Reaction,https://i.redd.it/j8eakbcsxo5e1.gif,https://imgflip.com/meme/500802729/Black-Guy-turning-around
Exploitable,https://i.redd.it/x8lklfew4d4e1.png,https://imgflip.com/meme/469936880/bear-vs-wolf
Reaction,https://i.redd.it/im6gihy5qc5e1.jpeg,https://imgflip.com/meme/104669929/Bugs-Bunny-King
Reaction,https://i.redd.it/v84c26f6k72e1.jpeg,
Exploitable,https://i.redd.it/y44fl3ioou4e1.jpeg,https://imgflip.com/meme/232422466/Crying-Hulk
Duality,https://i.redd.it/wqs8kzeaoz3e1.png,https://imgflip.com/meme/562391530/Chill-guy
Exploitable,https://i.redd.it/th8lbp6v971e1.jpeg,https://imgflip.com/meme/232422466/Crying-Hulk
Exploitable,https://i.redd.it/fwfixh2x2v5e1.jpeg,https://imgflip.com/meme/Woman-Yelling-At-Cat
Exploitable,https://i.redd.it/2pehf1h6mg5e1.jpeg,https://imgflip.com/meme/110133729/spiderman-pointing-at-spiderman
Reaction,https://i.redd.it/pi1g0azzr75e1.png,
Exploitable,https://i.redd.it/osyef3q7le3e1.png,https://imgflip.com/meme/255549266/It-is-time-to-go
Exploitable,https://i.redd.it/qlkro9gtjn4e1.jpeg,https://imgflip.com/meme/213542404/Angry-Tom-Reading-Book
Reaction,https://i.redd.it/25azr0cedf4e1.png,
Duality,https://i.redd.it/8dagepup0f1e1.jpeg,https://imgflip.com/meme/173542069/Squidward-chair
Exploitable,https://i.redd.it/h87cg3fbi95e1.jpeg,
Exploitable,https://i.redd.it/2us1gjjdiv3e1.jpeg,https://imgflip.com/meme/187737689/Im-the-dumbest-man-alive
Exploitable,https://i.redd.it/dkbbzykmk12e1.jpeg,https://imgflip.com/meme/72598094/Ew-i-stepped-in-shit
Exploitable,https://i.redd.it/hwv76ffdu72e1.png,https://imgflip.com/meme/123864886/Water-Dam-Meme
Duality,https://i.redd.it/apmik851r05e1.jpeg,
Reaction,https://i.redd.it/e5pk076dvm3e1.gif,
Exploitable,https://i.redd.it/ksp9rw6zu26e1.jpeg,https://imgflip.com/meme/232422466/Crying-Hulk
Exploitable,https://i.redd.it/kx47sdhrdn3e1.jpeg,https://imgflip.com/meme/211447564/Hmm-yes
Duality,https://i.redd.it/ahu3andmym2e1.png,https://imgflip.com/meme/343211155/Mr-Krabs-Panic-vs-Calm
Reaction,https://i.redd.it/onbhpeqzgq4e1.gif,https://imgflip.com/meme/360053085/walter-white-cooking
Reaction,https://i.redd.it/j6xffwxxk53e1.jpeg,
Reaction,https://i.redd.it/9fndkis0802e1.jpeg,https://imgflip.com/meme/542581333/Homelander-disgusted
Reaction,https://i.redd.it/ik0c5lldjt1e1.jpeg,https://imgflip.com/meme/542581333/Homelander-disgusted
Duality,https://i.redd.it/7lyan8gc4e1e1.jpeg,
Exploitable,https://i.redd.it/efie1t9aow4e1.png,
Exploitable,https://i.redd.it/bre6yeg58o1e1.jpeg,https://imgflip.com/meme/446433740/Yes-you-are-all-wrong
Exploitable,https://i.redd.it/az9m32s5q54e1.jpeg,https://imgflip.com/meme/128926681/Daisy-Ridley
Reaction,https://i.redd.it/2x8rhlt2xz5e1.jpeg,https://imgflip.com/meme/464917468/Tim-Robinson-Are-you-sure-about-that
Image Macro,https://i.redd.it/9nh4t187rg3e1.jpeg,https://imgflip.com/meme/33158236/I-used-to-be-an-adventurer-like-you
Exploitable,https://i.redd.it/poa3yfdaos2e1.png,https://imgflip.com/meme/215778927/Road-To-El-Dorado-Gold-And-Failure
Reaction,https://i.redd.it/2m0hjvmylp3e1.gif,
Reaction,https://i.redd.it/qda6v4w9wo1e1.jpeg,https://imgflip.com/meme/49472502/Beethoven
Exploitable,https://i.redd.it/cdp84iv3hc5e1.jpeg,
Exploitable,https://i.redd.it/hfhmcedqs14e1.jpeg,
Exploitable,https://i.redd.it/ivg1nitdeg5e1.jpeg,
Reaction,https://i.redd.it/rq099da6t31e1.jpeg,https://imgflip.com/meme/61983787/Joker-Burning-Money
Reaction,https://i.redd.it/qqhoth0pb71e1.png,
Exploitable,https://i.redd.it/jpyhtcwkwl4e1.png,https://imgflip.com/meme/232422466/Crying-Hulk
Exploitable,https://i.redd.it/ahxatmc4zu4e1.jpeg,
Image Macro,https://i.redd.it/4zqx3t4s315e1.jpeg,https://imgflip.com/meme/I-Should-Buy-A-Boat-Cat
Exploitable,https://i.redd.it/f4irq2b3l64e1.jpeg,https://imgflip.com/meme/256516296/Are-ya-winning-son
Exploitable,https://i.redd.it/17zri4xbwg2e1.jpeg,https://imgflip.com/meme/497281194/Victoria-David-Beckham-Be-Honest
Reaction,https://i.redd.it/syyy2ml4223e1.jpeg,
Exploitable,https://i.redd.it/d439e0uy1m4e1.jpeg,https://imgflip.com/meme/Woman-Yelling-At-Cat
