"Ontology","annotation_id","annotator","caption","created_at","id","image","knowyourmeme_link","lead_time","other_captioning","permalink","updated_at"
"Escalating Progression",88,"1","A short story","2024-11-05T20:34:43.725953Z",534,"https://i.redd.it/70zdjiilli351.jpg","https://knowyourmeme.com/memes/putting-on-clown-makeup",88100.357,"","/r/memes/comments/gyfedz/a_short_story/","2024-11-05T20:34:43.725967Z"
"Reaction",89,"1","She did her best ok?","2024-11-07T20:48:01.020250Z",535,"https://i.redd.it/g4vm7de3q4j51.jpg","",92.386,"{""text"":[""Teacher hypes up the class party all year"",""The Party:""]}","/r/memes/comments/ig9u4z/she_did_her_best_ok/","2024-11-07T20:48:01.020285Z"
"Reaction",90,"1","This house ain‚Äôt big enough for the six of us","2024-11-07T20:48:14.407965Z",536,"https://i.redd.it/x4s2e60m7vm41.jpg","",10.563,"","/r/memes/comments/fj45ih/this_house_aint_big_enough_for_the_six_of_us/","2024-11-07T20:48:14.408006Z"
"Exploitable",91,"1","They what???","2024-11-07T20:48:23.259984Z",537,"https://i.imgur.com/KpwIuSO.png","",6.399,"","/r/memes/comments/gi8l07/they_what/","2024-11-07T20:48:23.260001Z"
"Reaction",92,"1","I feel privileged","2024-11-07T20:51:35.877724Z",538,"https://i.redd.it/ttfhavjmd1x51.png","",99.53399999999999,"","/r/memes/comments/jnbc9d/i_feel_privileged/","2024-11-07T21:01:04.855444Z"
"Reaction",93,"1","This is my jam","2024-11-07T20:51:59.072259Z",539,"https://i.redd.it/ycrjw204b9e61.gif","",18.87,"","/r/memes/comments/l7qap4/this_is_my_jam/","2024-11-07T20:51:59.072280Z"
"Exploitable",94,"1","uncanny resemblance","2024-11-07T20:52:11.408153Z",540,"https://i.redd.it/cul580390k661.jpg","",9.822,"","/r/memes/comments/khiyao/uncanny_resemblance/","2024-11-07T20:52:11.408190Z"
"Escalating Progression",95,"1","Hmmmmmmmmmm","2024-11-07T20:52:45.724203Z",541,"https://i.redd.it/c06hvlfni9651.jpg","",31.784,"","/r/memes/comments/hd6nhx/hmmmmmmmmmm/","2024-11-07T20:52:45.724225Z"
"Image Macro",96,"1","We are doomed","2024-11-07T20:53:10.309421Z",542,"https://i.redd.it/vmadxu8d51o41.jpg","",12.556,"","/r/memes/comments/fmf637/we_are_doomed/","2024-11-07T20:53:10.309437Z"
"Exploitable",97,"1","Finland op","2024-11-07T20:53:42.154194Z",543,"https://i.redd.it/ncrm4syv08r41.jpg","",29.899,"","/r/memes/comments/fw1ch6/finland_op/","2024-11-07T20:53:42.154215Z"
"Reaction",98,"1","Wait I didn't mean it like that","2024-11-07T21:10:04.881047Z",544,"https://i.redd.it/n4ildkpurph61.png","",13.366,"","/r/memes/comments/lkodmq/wait_i_didnt_mean_it_like_that/","2024-11-07T21:10:04.881064Z"
"Reaction",99,"1","Who's Donald Biden?","2024-11-14T19:23:40.601150Z",545,"https://i.redd.it/63l9c85hmex51.jpg","",318.896,"","/r/memes/comments/jogzsr/whos_donald_biden/","2024-11-14T19:23:40.601167Z"
"Reaction",100,"1","thank god","2024-11-14T19:24:00.966032Z",546,"https://i.redd.it/djw0xedkm8z81.gif","",16.468,"","/r/memes/comments/uoqq32/thank_god/","2024-11-14T19:24:00.966069Z"
"Image Macro",101,"1","Team monke","2024-11-14T19:24:06.298332Z",547,"https://i.redd.it/y5q2ylf36gm61.jpg","",3.16,"","/r/memes/comments/m2y08v/team_monke/","2024-11-14T19:24:06.298352Z"
"Reaction",102,"1","What a shame","2024-11-14T19:31:51.484895Z",548,"https://i.redd.it/hnwx02w0t6e61.jpg","",12.891,"","/r/memes/comments/l7hah3/what_a_shame/","2024-11-14T19:31:51.484926Z"
"Reaction",103,"1","Confusing","2024-11-14T19:32:11.333636Z",549,"https://i.redd.it/2v3ucovw2dk51.jpg","",17.28,"","/r/memes/comments/ik0qu9/confusing/","2024-11-14T19:32:11.333656Z"
"Duality",104,"1","Ukraine got CHAD Volodymyr Zelensky.üá∫üá¶üá∫üá¶üá∫üá¶","2024-11-14T19:32:27.319905Z",550,"https://i.redd.it/p6hpt00hl0k81.jpg","",12.843,"","/r/memes/comments/t19inj/ukraine_got_chad_volodymyr_zelensky/","2024-11-14T19:32:27.319946Z"
"Reaction",105,"1","It took so many hours","2024-11-14T19:33:08.332870Z",551,"https://i.redd.it/hujzswawcsf51.jpg","",37.906,"","/r/memes/comments/i5zoq5/it_took_so_many_hours/","2024-11-14T19:33:08.332889Z"
"Reaction",106,"1","Of course I know him. He is me","2024-11-14T19:35:39.444183Z",553,"https://i.redd.it/kwcqipuz5il51.jpg","",148.463,"","/r/memes/comments/injobz/of_course_i_know_him_he_is_me/","2024-11-14T19:35:39.444224Z"
"Exploitable",107,"1","Simpsons predicted it yet again","2024-11-14T19:36:26.827630Z",554,"https://i.redd.it/mt1p2undiwo31.jpg","",44.184,"","/r/memes/comments/d9gvok/simpsons_predicted_it_yet_again/","2024-11-14T19:36:26.827663Z"
"Reaction",108,"1","Placebo in a nutshell","2024-11-14T19:36:40.809569Z",555,"https://i.redd.it/cjtg6wdt99951.jpg","",6.262,"","/r/memes/comments/hm9r3l/placebo_in_a_nutshell/","2024-11-14T19:36:40.809607Z"
"Reaction",109,"1","It was fun doe","2024-11-14T19:37:51.557556Z",556,"https://i.redd.it/b11mbpxapxg51.jpg","",67.51,"","/r/memes/comments/i9inie/it_was_fun_doe/","2024-11-14T19:37:51.557575Z"
"{""choices"":[""Reaction"",""Exploitable""]}",110,"1","Don't be mad","2024-11-14T19:38:26.784509Z",557,"https://i.redd.it/gsqgq6uwuau51.jpg","",31.141,"","/r/memes/comments/jewhxz/dont_be_mad/","2024-11-14T19:38:26.784544Z"
"Image Macro",111,"1","15 years from now","2024-11-14T19:38:59.920690Z",558,"https://i.redd.it/kvb5q07e27x41.jpg","",29.43,"","/r/memes/comments/geqgdh/15_years_from_now/","2024-11-14T19:38:59.920726Z"
"Reaction",112,"1","Captain Holt is best boi","2024-11-14T19:39:10.204083Z",559,"https://i.redd.it/nzkdkyfr2hz41.jpg","",8.063,"","/r/memes/comments/glwkpy/captain_holt_is_best_boi/","2024-11-14T19:39:10.204117Z"
"Reaction",113,"1","You think you are sad","2024-11-14T19:39:30.684955Z",560,"https://i.redd.it/rohlh1e8k0n41.jpg","",17.653,"","/r/memes/comments/fjiz2r/you_think_you_are_sad/","2024-11-14T19:39:30.684987Z"
"Reaction",114,"1","These are confusing times","2024-11-14T19:39:53.756996Z",561,"https://i.redd.it/4gju47kt3hb61.jpg","",18.897,"","/r/memes/comments/kxrxuv/these_are_confusing_times/","2024-11-14T19:39:53.757009Z"
"Reaction",115,"1","Reddit might be shit but it's our shit.","2024-11-14T19:40:24.722412Z",562,"https://i.redd.it/l8yz2fyk3hr71.jpg","",28.546,"","/r/memes/comments/q1b13o/reddit_might_be_shit_but_its_our_shit/","2024-11-14T19:40:24.722433Z"
"Duality",116,"1","Well its pretty similar...","2024-11-14T19:40:44.257765Z",563,"https://i.redd.it/8ze5zhn5m1g61.gif","",12.948,"","/r/memes/comments/lekzwj/well_its_pretty_similar/","2024-11-14T19:40:44.257779Z"
"Image Macro",117,"1","My life was a lie.","2024-11-14T19:41:13.340370Z",564,"https://i.redd.it/spe7qpjedcv61.gif","",19.028,"","/r/memes/comments/myb3vc/my_life_was_a_lie/","2024-11-14T19:41:13.340406Z"
"Reaction",118,"1","Always has been","2024-11-14T19:41:32.527383Z",566,"https://i.redd.it/29h8ntdldma51.jpg","",14.78,"","/r/memes/comments/hqeip1/always_has_been/","2024-11-14T19:41:32.527414Z"
"Reaction",119,"1","Oh god no","2024-11-14T19:41:48.728475Z",567,"https://i.redd.it/w98k1i6ce4761.gif","",12.735,"","/r/memes/comments/kjdwn1/oh_god_no/","2024-11-14T19:41:48.728493Z"
"Reaction",120,"1","That's the reason behind all these","2024-11-14T19:42:27.050185Z",568,"https://i.redd.it/72ofect87t751.jpg","",34.782,"","/r/memes/comments/hhw2e0/thats_the_reason_behind_all_these/","2024-11-14T19:42:27.050198Z"
"{""choices"":[""Reaction"",""Duality""]}",121,"1","That's a 5 stars from me","2024-11-14T19:43:02.994753Z",569,"https://i.redd.it/omyyroc83w551.jpg","",32.524,"","/r/memes/comments/hc387h/thats_a_5_stars_from_me/","2024-11-14T19:43:02.994772Z"
"Reaction",122,"1","Wow, someone knows we exist","2024-11-14T19:43:16.048529Z",570,"https://i.redd.it/dyecygddx4i51.jpg","",31.228,"When you live in a small country and see someone mention it on the internet","/r/memes/comments/id7tva/wow_someone_knows_we_exist/","2024-11-17T20:57:00.468012Z"
"Reaction",123,"1","Everytime","2024-11-14T19:43:33.856427Z",571,"https://i.redd.it/emn90d5nbqn51.jpg","",14.459,"","/r/memes/comments/ium3nm/everytime/","2024-11-14T19:43:33.856446Z"
"Reaction",124,"1","Wish her luck boys","2024-11-14T19:43:48.138105Z",572,"https://i.redd.it/fnbkdh8fwza91.gif","",10.436,"","/r/memes/comments/vwkj6c/wish_her_luck_boys/","2024-11-14T19:43:48.138139Z"
"Reaction",125,"1","Hey Blizzard, I heard you like China's money ?","2024-11-14T19:46:26.170733Z",573,"https://i.redd.it/uonxofnh1gr31.jpg","",151.963,"","/r/memes/comments/dfc00m/hey_blizzard_i_heard_you_like_chinas_money/","2024-11-14T19:46:26.170756Z"
"{""choices"":[""Reaction"",""Exploitable""]}",126,"1","Brain.exe has commit DIE","2024-11-14T19:46:51.171308Z",574,"https://i.redd.it/ojd7xhofyz951.png","",15.498,"","/r/memes/comments/holruc/brainexe_has_commit_die/","2024-11-14T19:46:51.171343Z"
"Exploitable",127,"1","chadflix","2024-11-14T19:53:26.147861Z",575,"https://i.redd.it/te95nxfwxl471.png","",116.416,"","/r/memes/comments/nxc266/chadflix/","2024-11-14T19:53:26.147880Z"
"Reaction",128,"1","Look who's laughing now","2024-11-14T19:55:46.096955Z",576,"https://i.redd.it/qtmo4imk5ry41.jpg","",128.385,"","/r/memes/comments/gjozlm/look_whos_laughing_now/","2024-11-14T19:55:46.096976Z"
"Reaction",129,"1","I mean I basically made him rich","2024-11-14T19:56:26.164934Z",577,"https://i.redd.it/yne085xajui41.jpg","",37.634,"","/r/memes/comments/f8p6lf/i_mean_i_basically_made_him_rich/","2024-11-14T19:56:26.164968Z"
"Reaction",130,"1","please enjoy","2024-11-14T19:56:34.699568Z",578,"https://i.redd.it/rgce12mplle51.jpg","",6.327,"","/r/memes/comments/i2ctmr/please_enjoy/","2024-11-14T19:56:34.699588Z"
"Duality",131,"1","Real SOMA ULTE ‚ù§Ô∏è","2024-11-14T19:56:48.320067Z",579,"https://i.redd.it/y4ubkjfo6nq51.jpg","",11.294,"","/r/memes/comments/j3qvhf/real_soma_ulte/","2024-11-14T19:56:48.320098Z"
"Reaction",133,"1","*bumps head* maybe I‚Äôm Godzilla?","2024-11-18T03:21:07.478375Z",580,"https://i.redd.it/ger0ho5tg9w51.jpg","",20624.681,"{""text"":[""Me: *visits Japan*"",""Also me wondering if Godzilla was just a normal sized lizard:""]}","/r/memes/comments/jl0bjq/bumps_head_maybe_im_godzilla/","2024-11-18T03:21:07.478453Z"
"Reaction",134,"1","Phew. That was a close one.","2024-11-18T03:22:57.505224Z",581,"https://i.redd.it/2b6zkpyh98x51.png","",106.645,"{""text"":[""Me: Raises hand to answer question"",""Teach: Calls on other kid"",""Other kid: Gets it right"",""Me, who had a different answer:""]}","/r/memes/comments/jnwxws/phew_that_was_a_close_one/","2024-11-18T03:22:57.505245Z"
"Image Macro",135,"1","Modern day pirate","2024-11-18T03:25:39.941078Z",582,"https://i.redd.it/vdfvhoq1lge61.jpg","",94.033,"","/r/memes/comments/l8k6ha/modern_day_pirate/","2024-11-18T03:25:39.941111Z"
"Duality",136,"1","Bro got both eyes open üò≠ ","2024-11-18T03:26:33.884312Z",583,"https://i.redd.it/josb2tipdxfd1.jpeg","",51.442,"","/r/memes/comments/1egzi81/bro_got_both_eyes_open/","2024-11-18T03:26:33.884350Z"
"Image Macro",137,"1","Chrome lite for pc","2024-11-18T03:27:05.203792Z",584,"https://i.imgur.com/9JW6gmL.jpg","",25.943,"","/r/memes/comments/rb32mg/chrome_lite_for_pc/","2024-11-18T03:27:05.203827Z"
"Reaction",138,"1","can someone explain it","2024-11-18T03:27:55.853357Z",585,"https://i.redd.it/2my2zdc4pa251.jpg","",48.327,"Me a Canadian trying to figure out how American went from taking all the toilet paper to civil war in 3 months","/r/memes/comments/guk1zo/can_someone_explain_it/","2024-11-18T03:27:55.853392Z"
"{""choices"":[""Exploitable"",""Duality""]}",139,"1","It really do be like that","2024-11-18T03:30:45.952738Z",586,"https://i.redd.it/hu25l44ii6o41.jpg","",170.734,"","/r/memes/comments/fmw8jw/it_really_do_be_like_that/","2024-11-18T03:30:56.562045Z"
"Reaction",140,"1","Oh look, Reddit","2024-11-18T03:32:31.857726Z",587,"https://i.redd.it/reux0cdxhan51.jpg","",24.931,"{""text"":[""Me: *closes Reddit*"",""My fingers' muscle memory:""]}","/r/memes/comments/it6820/oh_look_reddit/","2024-11-18T03:32:31.857746Z"
"Exploitable",141,"1","He is the chosen one. He will bring the change","2024-11-18T03:33:09.335696Z",588,"https://i.redd.it/isw5svf6zbw61.jpg","",35.259,"","/r/memes/comments/n1wilj/he_is_the_chosen_one_he_will_bring_the_change/","2024-11-18T03:33:09.335711Z"
"Reaction",142,"1","It‚Äôs been real fam.","2024-11-18T03:33:45.711976Z",589,"https://i.redd.it/evqhhdqqbt961.jpg","",33.778,"Well it was a solid 5 days. Here's to 2022","/r/memes/comments/ks2asd/its_been_real_fam/","2024-11-18T03:33:45.712012Z"
"Exploitable",143,"1","Wanna hear another joke","2024-11-18T03:34:29.044273Z",590,"https://i.redd.it/00zo3ians0e61.jpg","",40.417,"{""text"":[""Oh you think bankrupting a hedge fund is funny?"",""I do and I'm tired of pretending it's not""]}","/r/memes/comments/l6qbnp/wanna_hear_another_joke/","2024-11-18T03:34:29.044293Z"
"Exploitable",144,"1","Right as rain after that","2024-11-18T03:36:34.340529Z",591,"https://i.redd.it/1wniz8ionv351.jpg","",122.945,"{""text"":[""My stomach hurts * 19th century Doctor"",""It's probably ghosts"",""Anyways, here's your prescription: Cocaine""]}","/r/memes/comments/gzm2u0/right_as_rain_after_that/","2024-11-18T03:36:34.340572Z"
"Duality",145,"1","Licensed Dad Joke","2024-11-18T03:37:20.564085Z",592,"https://i.redd.it/nrj9smsfek951.jpg","",42.845,"{""text"":[""Dad telling jokes at home"",""Dads telling jokes at work""]}","/r/memes/comments/hnavd5/licensed_dad_joke/","2024-11-18T03:37:20.564099Z"
"Duality",146,"1","Following your passion is hard in Asia","2024-11-18T03:40:41.517721Z",593,"https://i.redd.it/7ux0uk3llrc51.jpg","",197.661,"{""text"":[""My parents arguing whether I'll become a doctor or an engineer"",""Me who has already decided to be a Pokemon Trainer ""]}","/r/memes/comments/hwy1o1/following_your_passion_is_hard_in_asia/","2024-11-18T03:40:41.517821Z"
"Reaction",147,"1","Do dee do dee doo. Whoops!","2024-11-18T03:41:20.040034Z",594,"https://i.redd.it/mogqphv12mi61.gif","",29.536,"When you realize that you're in the wrong gif","/r/memes/comments/lo4jc2/do_dee_do_dee_doo_whoops/","2024-11-18T03:41:20.040068Z"
"Reaction",148,"1","They are some greedy ones","2024-11-18T03:50:05.685231Z",595,"https://i.redd.it/44g9h668t3y51.jpg","",523.438,"{""text"":[""Farms Stand In Silence At Auction So A Young Man Can Buy Back His Family Farmhouse"",""The Bank""]}","/r/memes/comments/jqmj19/they_are_some_greedy_ones/","2024-11-18T03:50:05.685245Z"
"Escalating Progression",149,"1","Oh yes, I can finally play some gta v","2024-11-18T03:50:51.770571Z",596,"https://i.redd.it/7zhbpr5f0vy41.jpg","",32.423,"{""text"":[""Pre-order a game"",""Buy the game when it releases"",""Wait almost a decade so you can get it for free""]}","/r/memes/comments/gk2pog/oh_yes_i_can_finally_play_some_gta_v/","2024-11-18T03:50:51.770605Z"
"Duality",150,"1","Every time","2024-11-18T04:21:11.580528Z",597,"https://i.redd.it/42vflyu4ykz51.jpg","",1817.334,"{""text"":[""British accent"",""American accent"",""Me, a European who learned English from youtube""]}","/r/memes/comments/jv4nra/every_time/","2024-11-18T04:21:11.580561Z"
"Reaction",151,"1","Turns out nobody ever answered him","2024-11-19T17:32:51.083616Z",598,"https://i.redd.it/d06yv5u08c761.jpg","",27.309,"{""text"":[""Me searching something on the internet"",""Random dude on a forum who had the same question 10 years ago""]}","/r/memes/comments/kjz8z1/turns_out_nobody_ever_answered_him/","2024-11-19T17:32:51.083629Z"
"Duality",152,"1","All the help we can give","2024-11-19T17:33:13.715464Z",599,"https://i.redd.it/qeqvx12x94e61.jpg","",19.993,"","/r/memes/comments/l74knv/all_the_help_we_can_give/","2024-11-19T17:33:13.715498Z"
"Exploitable",153,"1","Its all coming together","2024-11-19T17:36:26.548747Z",600,"https://i.redd.it/0wbivqv9nvr31.jpg","",196.734,"","/r/memes/comments/dgcej8/its_all_coming_together/","2024-11-19T17:36:41.787041Z"
"Reaction",154,"1","I have no idea whatsoever","2024-11-19T17:37:24.358838Z",601,"https://i.redd.it/xz83gt7jlxu61.gif","",39.789,"{""text"":[""Dentist: Why are you bleeding?"",""Them 5 seconds ago""]}","/r/memes/comments/mww7f4/i_have_no_idea_whatsoever/","2024-11-19T17:37:24.358856Z"
"Reaction",155,"1","Shut it off","2024-11-19T17:37:55.408719Z",602,"https://i.redd.it/2aq8edkojow31.jpg","",29.064,"{""text"":[""7 year old me switching on the car light for one second"",""My dad:""]}","/r/memes/comments/dricue/shut_it_off/","2024-11-19T17:37:55.408751Z"
"Image Macro",156,"1","did it happen to all of us?","2024-11-19T17:38:37.910681Z",603,"https://i.redd.it/9kvm8knv5v961.jpg","",38.336,"{""text"":[""POV YOU'RE 12 YEARS OLD, SWIMSUIT IS DIPPING WET, AND YOU'RE COLD AS FUCK"",""AND YOU DONT REMEMBER WHAT FLOOR YOUR ROOM IS ON""]}","/r/memes/comments/ks8ctf/did_it_happen_to_all_of_us/","2024-11-19T17:38:37.910718Z"
"Image Macro",157,"1","Quick, while the British are sleeping.","2024-11-19T17:39:13.196556Z",604,"https://i.redd.it/e3zwkg6zfma61.jpg","",31.781,"{""text"":[""FUNNY HOW THE BRITISH CONQUERED SO MUCH LAND LOOKING FOR SPICES"",""BUT THEN REFUSED TO USE THEM""]}","/r/memes/comments/kuu1np/quick_while_the_british_are_sleeping/","2024-11-19T17:39:13.196571Z"
"Reaction",158,"1","*happy bubonic noises*","2024-11-19T17:39:55.490413Z",605,"https://i.redd.it/n7lh6x2wz7841.jpg","",39.406,"When it's finally 2020 but you realized that both 1820 and 1920 had massive plague outbreaks","/r/memes/comments/eimmhx/happy_bubonic_noises/","2024-11-19T17:39:55.490431Z"
"Reaction",159,"1","Hot climate","2024-11-19T17:40:20.673088Z",606,"https://i.redd.it/uqh27jjj8bu61.jpg","",23.017,"American producers when the scene of a movie takes place in Mexico","/r/memes/comments/munuxm/hot_climate/","2024-11-19T17:40:20.673101Z"
"Exploitable",160,"1","Seriously","2024-11-19T17:40:48.503943Z",607,"https://i.redd.it/k47mb3l46c451.jpg","",25.796,"{""text"":[""Come closer..."",""I need.."",""I need..."",""I need you to stop recommending live broadcasts""]}","/r/memes/comments/h16nue/seriously/","2024-11-19T17:40:48.503955Z"
"Reaction",161,"1","Harold should be meme of the decade","2024-11-19T17:41:21.706432Z",608,"https://i.redd.it/uip0indm0m741.jpg","",30.691,"When you are the only guy supporting Harold for meme of the decade","/r/memes/comments/eh8txp/harold_should_be_meme_of_the_decade/","2024-11-19T17:41:21.706448Z"
"Reaction",162,"1","Makes the calculations simpler","2024-11-19T17:41:42.154147Z",609,"https://i.redd.it/v7opjah2ck461.gif","",17.964,"When the physics teacher tells you that friction can be ignored","/r/memes/comments/kb357l/makes_the_calculations_simpler/","2024-11-19T17:41:42.154163Z"
"Exploitable",163,"1","She has probably made 60k in the amount of time it took me to make this meme","2024-11-19T17:44:09.589831Z",611,"https://i.redd.it/7d9x3zq7dlo61.jpg","",144.665,"{""text"":[""Alright we need 60k for my friends emergency brain surgery. What do we do?"",""GoFundMe"",""GoFundMe"",""Why don't you just fucking pay for it?""]}","/r/memes/comments/map6ds/she_has_probably_made_60k_in_the_amount_of_time/","2024-11-19T17:44:09.589851Z"
"Reaction",164,"1","Thanks a lot brain","2024-11-19T17:44:35.388821Z",612,"https://i.redd.it/69g5axregoz61.jpg","",22.07,"{""text"":[""My brain recording good memories"",""My brain recording my cringe memories""]}","/r/memes/comments/neffg5/thanks_a_lot_brain/","2024-11-19T17:44:35.388839Z"
"Escalating Progression",132,"1","I love Amusement Parks","2024-11-14T20:43:08.005980Z",613,"https://i.redd.it/hl71dyelq4a51.png","",49.182,"{""text"":[""Me and a stranger in the bumpers cars when we bump for the first time"",""When we bump for the 6th time""]}","/r/memes/comments/hp1b07/i_love_amusement_parks/","2024-11-19T17:45:12.112034Z"
"Reaction",165,"1","Your silly warning cannot stop me","2024-11-19T17:59:34.753521Z",614,"https://i.redd.it/wdgjpcm6v5t61.jpg","",45.352,"{""text"":[""Email: DO NOT REPLY TO THIS EMAIL"",""Me: *replies to the email*"",""The email center:""]}","/r/memes/comments/mqthyg/your_silly_warning_cannot_stop_me/","2024-11-19T17:59:34.753552Z"
"Reaction",166,"1","Excuse me.. Wtf?","2024-11-19T18:01:55.063481Z",615,"https://i.redd.it/1owkm5r3wi561.gif","",138.141,"Me when i actually start reading privacy policies","/r/memes/comments/ke6j9j/excuse_me_wtf/","2024-11-19T18:01:55.063513Z"
"{""choices"":[""Reaction"",""Exploitable""]}",167,"1","not this shit again","2024-11-19T18:02:45.911281Z",616,"https://i.redd.it/6e6z2me93zp61.png","",48.975,"{""text"":[""IT IS TIME TO GO."",""WAS I A GOOD MEME?"",""YES"",""NOW LET'S GO"",""I CAN'T I'M STUCK""]}","/r/memes/comments/mfq2pz/not_this_shit_again/","2024-11-19T18:02:45.911302Z"
"Duality",168,"1","I thought only I could do that","2024-11-19T18:03:08.280783Z",617,"https://i.redd.it/1zq5hsvzytk61.jpg","",18.945,"{""text"":[""Healing myself 27 times"",""The boss heals Himself once""]}","/r/memes/comments/lwwbwn/i_thought_only_i_could_do_that/","2024-11-19T18:03:08.280810Z"
"Exploitable",169,"1","Last online *October*","2024-11-19T18:05:24.090045Z",618,"https://i.redd.it/1lprd5j4c4a61.jpg","",125.356,"","/r/memes/comments/kt3guk/last_online_october/","2024-11-19T18:05:24.090076Z"
"Reaction",170,"1","One of the happiest moments in life","2024-11-19T18:08:52.095620Z",619,"https://i.redd.it/rnn14f29gf551.jpg","",205.268,"when you meet your FBI guy during a riot","/r/memes/comments/hamwzf/one_of_the_happiest_moments_in_life/","2024-11-19T18:08:52.095638Z"
"Exploitable",171,"1","Universal guide to men's nodding. Made in Paint.","2024-11-19T18:09:57.106002Z",620,"https://i.redd.it/qldrdzcjj7n61.png","",61.152,"","/r/memes/comments/m5mrth/universal_guide_to_mens_nodding_made_in_paint/","2024-11-19T18:09:57.106019Z"
"Image Macro",172,"1","Didn‚Äôt think about that","2024-11-19T18:10:49.972190Z",621,"https://i.redd.it/yw52evjtlw061.jpg","",50.953,"{""text"":[""Simba: My uncle killed my father and is trying to kill me now"",""Timon and Pumbaa: Oh wow have you tried just not fucking worrying about it?""]}","/r/memes/comments/jz9cf6/didnt_think_about_that/","2024-11-19T18:10:49.972206Z"
"Reaction",173,"1","Maybe she's hard to forget","2024-11-19T18:14:23.085230Z",622,"https://i.redd.it/1cznolix8ik51.jpg","",211.01,"Not saying my ex  is fat,... but my memory foam mattress bed took a year to forget her.","/r/memes/comments/ikh5g5/maybe_shes_hard_to_forget/","2024-11-19T18:14:23.085248Z"
"Exploitable",174,"1","they belong in arkham","2024-11-19T18:14:51.975754Z",623,"https://i.redd.it/v0eic0ly0rj51.jpg","",26.806,"{""text"":[""Serial killers"",""Psychopaths"",""People who type (: instead of :)""]}","/r/memes/comments/ii7f91/they_belong_in_arkham/","2024-11-19T18:14:51.975788Z"
"Reaction",175,"1","Man got scared asf","2024-11-19T18:15:29.676114Z",624,"https://i.redd.it/l2ldkoiuirt61.gif","",35.029,"When you lived too long in the wrong hood","/r/memes/comments/msu71y/man_got_scared_asf/","2024-11-19T18:15:29.676149Z"
"Reaction",176,"1","I'm the captain now","2024-11-19T18:16:10.039912Z",625,"https://i.redd.it/ejfv5dfq52e61.gif","",38.293,"Reddit taking control over GameStop stock:","/r/memes/comments/l6uedb/im_the_captain_now/","2024-11-19T18:16:10.039928Z"
"Reaction",177,"1","Helicopter goes brrrr","2024-11-19T18:17:48.474987Z",626,"https://i.redd.it/j0u8g9pxa4n51.png","",28.069,"{""text"":[""Me when a helicopter passes"",""AGE 10"",""AGE 40""]}","/r/memes/comments/isl4xs/helicopter_goes_brrrr/","2024-11-19T18:17:48.475003Z"
"Exploitable",178,"1","iOS 14 bout to expose some people","2024-11-19T18:18:28.959550Z",628,"https://i.redd.it/eb6pssvrhu751.jpg","",38.156,"","/r/memes/comments/hhz6dx/ios_14_bout_to_expose_some_people/","2024-11-19T18:18:28.959625Z"
"Reaction",179,"1","The Darwin Incident","2024-11-19T18:19:18.707449Z",629,"https://i.redd.it/otvjol1ea9y81.gif","",47.677,"What evolution does to a mf","/r/memes/comments/ul20xa/the_darwin_incident/","2024-11-19T18:19:18.707484Z"
"Duality",181,"1","I don't own any...","2024-11-19T18:27:40.247897Z",630,"https://i.redd.it/uir5hhd0f0361.jpg","",23.303,"","/r/memes/comments/k62439/i_dont_own_any/","2024-11-19T18:27:40.247932Z"
"",182,"1","nro that feeling","2024-11-19T18:28:35.793404Z",631,"https://i.redd.it/vp4wdmsoz4c51.jpg","",31.164,"yeah sex is cool but had you farted so good that your stomach ache is gone","/r/memes/comments/hv0qbj/nro_that_feeling/","2024-11-19T18:28:35.793441Z"
"Reaction",183,"1","That was a close one","2024-11-19T18:30:40.879988Z",632,"https://i.redd.it/da8h2xbjepu51.jpg","",24.182,"NASA when an asteroid narrowly misses the earth by 545 million miles","/r/memes/comments/jg7j2u/that_was_a_close_one/","2024-11-19T18:30:40.880022Z"
"Duality",184,"1","languages in a nutshell","2024-11-19T18:32:17.761242Z",633,"https://i.redd.it/j9u89ekcbbe41.png","",94.524,"","/r/memes/comments/ex5yzk/languages_in_a_nutshell/","2024-11-19T18:32:17.761263Z"
"Image Macro",180,"1","I sure didn't...","2024-11-19T18:20:19.359707Z",634,"https://i.redd.it/1jyxqecca5e61.png","",36.179,"{""text"":[""WHO HAD..."",""\""GAMESTOP UNITES AMERICA AGAINST CORRUPT BILLIONAIRES\"" ON THEIR 2021 BINGO CARD?""]}","/r/AdviceAnimals/comments/l7a4a8/i_sure_didnt/","2024-11-19T18:20:19.359739Z"
