caption,permalink,image
I sure didn't...,/r/AdviceAnimals/comments/l7a4a8/i_sure_didnt/,https://i.redd.it/1jyxqecca5e61.png
Because we can't let Verizon look bad,/r/AdviceAnimals/comments/an7l93/because_we_cant_let_verizon_look_bad/,https://i.redd.it/h31caipsume21.jpg
It’s really not that hard to figure out,/r/AdviceAnimals/comments/x2n5s4/its_really_not_that_hard_to_figure_out/,https://i.redd.it/d9u92ee3v3l91.jpg
"Seriously, I just want to sit in silence sometimes.",/r/AdviceAnimals/comments/d73yws/seriously_i_just_want_to_sit_in_silence_sometimes/,https://i.imgur.com/m1ZII2V.jpeg
Comcast exposed... again,/r/AdviceAnimals/comments/frbnqq/comcast_exposed_again/,https://i.imgflip.com/3ujrkc.jpg
Peaceful protest is Constitutionally protected,/r/AdviceAnimals/comments/gyyhu2/peaceful_protest_is_constitutionally_protected/,https://i.imgur.com/QNAIHls.jpeg
Chrome says that they're no longer allowing ad-blocker extensions to work starting in January,/r/AdviceAnimals/comments/wwnxxd/chrome_says_that_theyre_no_longer_allowing/,https://i.imgur.com/K4rEGwF.jpeg
Watching what’s going on at the Capital...,/r/AdviceAnimals/comments/krx8zk/watching_whats_going_on_at_the_capital/,https://i.redd.it/aue67iyx1s961.jpg
I feel the worst for her dog,/r/AdviceAnimals/comments/gr754i/i_feel_the_worst_for_her_dog/,https://i.imgur.com/7OChXiO.jpeg
Do you want to start paying extra for the good content? I think not,/r/AdviceAnimals/comments/im97ir/do_you_want_to_start_paying_extra_for_the_good/,https://i.redd.it/v06dike442l51.jpg
"No fucking bailouts. If you didn't learn your lesson in 2008, too bad.",/r/AdviceAnimals/comments/fnph88/no_fucking_bailouts_if_you_didnt_learn_your/,https://i.redd.it/gi7m5qwfxgo41.jpg
If only we could sue them for lying to us...,/r/AdviceAnimals/comments/adtz0g/if_only_we_could_sue_them_for_lying_to_us/,https://i.redd.it/hdlltv3k67921.jpg
Me upvoting every post calling Republicans weird,/r/AdviceAnimals/comments/1eg6ijk/me_upvoting_every_post_calling_republicans_weird/,https://i.redd.it/zhksohztdqfd1.jpeg
I guarantee it,/r/AdviceAnimals/comments/1e8u6gr/i_guarantee_it/,https://i.redd.it/b4wftc8r9xdd1.jpeg
Sometimes staying out of touch with pop culture has its benefits.,/r/AdviceAnimals/comments/7nv871/sometimes_staying_out_of_touch_with_pop_culture/,https://i.imgur.com/1V72C4q.jpg
Please spread the word,/r/AdviceAnimals/comments/2c1xar/please_spread_the_word/,http://i.imgur.com/LcqorfJ.jpg
"Something wrong, I can feel it",/r/AdviceAnimals/comments/ikmhvy/something_wrong_i_can_feel_it/,https://i.redd.it/85v593hr2kk51.jpg
"Overheard at a bar in Indiana in response to someone who said that gays were ""causing many of the problems in America today.""",/r/AdviceAnimals/comments/cn7e8s/overheard_at_a_bar_in_indiana_in_response_to/,https://i.imgur.com/nCTKPTt.png
"Help a guy out, save some TP for me",/r/AdviceAnimals/comments/fihr8a/help_a_guy_out_save_some_tp_for_me/,https://i.imgur.com/ojH3qX9.png
This needs to be said,/r/AdviceAnimals/comments/h8tae3/this_needs_to_be_said/,https://i.redd.it/1reqj60zgv451.jpg
"Started out amazing, then...",/r/AdviceAnimals/comments/dus7fn/started_out_amazing_then/,https://i.redd.it/1ofr008h42y31.jpg
We don't come here for shitty streams,/r/AdviceAnimals/comments/fdn2bv/we_dont_come_here_for_shitty_streams/,https://i.imgflip.com/3rfyp2.jpg
Tried a new taco stand nearby last night. Was short 25 cents for my second taco but they laughed and let me have it. Then they gave me a third taco for free.,/r/AdviceAnimals/comments/6j1qrw/tried_a_new_taco_stand_nearby_last_night_was/,http://i.imgur.com/QrCwD5n.jpg
Protesting a Fair Election?,/r/AdviceAnimals/comments/5c8xc6/protesting_a_fair_election/,http://i.imgur.com/aXeHYaU.jpg
I'm not sure he saw this coming either...,/r/AdviceAnimals/comments/t2nw5s/im_not_sure_he_saw_this_coming_either/,https://i.redd.it/su7x7lsejdk81.jpg
Can't wait to hear how Trump apologists spin Donald Trump breaking a 225 year old law signed into law by the second president of the US. ,/r/AdviceAnimals/comments/1exr6mt/cant_wait_to_hear_how_trump_apologists_spin/,https://i.redd.it/fbprkoxq21kd1.jpeg
"EU, plz gib more monies...",/r/AdviceAnimals/comments/10xyybj/eu_plz_gib_more_monies/,https://i.redd.it/j6yfdfl4w6ha1.jpg
Scumbag Ajit Pai,/r/AdviceAnimals/comments/7jticd/scumbag_ajit_pai/,https://i.imgur.com/1yBMXLr.jpg
Putin the Bunker Baby,/r/AdviceAnimals/comments/t0tlq7/putin_the_bunker_baby/,https://i.imgur.com/2A3AuIA.png
Typical Karen.,/r/AdviceAnimals/comments/fxhd5n/typical_karen/,https://i.redd.it/3h738ix6ior41.jpg
Just be safe.,/r/AdviceAnimals/comments/zzy2x1/just_be_safe/,https://i.redd.it/xdahcpbwza9a1.jpg
Would rather not see it happen again in my lifetime,/r/AdviceAnimals/comments/7pc0cc/would_rather_not_see_it_happen_again_in_my/,https://i.redd.it/zclwyezz55901.jpg
Democrats this morning,/r/AdviceAnimals/comments/ezqy2h/democrats_this_morning/,https://i.imgur.com/QrBuhlG.jpg
As an American when I see Canada pardoned half a million people with cannabis convictions.,/r/AdviceAnimals/comments/9pbz28/as_an_american_when_i_see_canada_pardoned_half_a/,https://i.imgur.com/bwuLCje.jpg
Remembering a fallen legend,/r/AdviceAnimals/comments/bppzld/remembering_a_fallen_legend/,https://i.redd.it/8vibouwcary21.jpg
"I feel like, take your profits to retirement isn’t the best way to deal with this...",/r/AdviceAnimals/comments/flvsgy/i_feel_like_take_your_profits_to_retirement_isnt/,https://i.redd.it/lpfxaukx6un41.jpg
Major “breastfed until they were eight” energy,/r/AdviceAnimals/comments/145kjwn/major_breastfed_until_they_were_eight_energy/,https://i.imgur.com/WrpJ5SS.jpg
When people mock my mask wearing,/r/AdviceAnimals/comments/gh1e3z/when_people_mock_my_mask_wearing/,https://i.imgur.com/iCR8iLa.jpg
They're a fucking cult... I swear,/r/AdviceAnimals/comments/af7gwv/theyre_a_fucking_cult_i_swear/,https://i.redd.it/vwyvwrmzwz921.jpg
The real question I keep asking myself...,/r/AdviceAnimals/comments/gykswn/the_real_question_i_keep_asking_myself/,https://i.imgur.com/8tTRAMO.jpeg
Never forget,/r/AdviceAnimals/comments/iqpxtk/never_forget/,https://i.redd.it/o77wk57mnim51.jpg
I'm busy shutting up and dribbling,/r/AdviceAnimals/comments/iskw97/im_busy_shutting_up_and_dribbling/,https://i.redd.it/gke8hcae84n51.jpg
I find it crazy that this is a thing in the U.S.,/r/AdviceAnimals/comments/69ep13/i_find_it_crazy_that_this_is_a_thing_in_the_us/,https://i.redd.it/ifppv5d6povy.jpg
That feeling,/r/AdviceAnimals/comments/gwjk99/that_feeling/,https://i.redd.it/gqlnszk8vw251.png
Classic EA,/r/AdviceAnimals/comments/7cv0ce/classic_ea/,https://i.imgur.com/CFz9lsg.jpg
After months of Joe Rogan telling everyone their immune system is enough to handle covid-19,/r/AdviceAnimals/comments/pgp9j5/after_months_of_joe_rogan_telling_everyone_their/,https://i.imgur.com/iAouGu9.jpg.jpeg
You need to know,/r/AdviceAnimals/comments/ev7zh7/you_need_to_know/,https://i.redd.it/9a3tmmreujd41.jpg
"Seriously, Bixby.. F*** off",/r/AdviceAnimals/comments/f8spoe/seriously_bixby_f_off/,https://i.imgur.com/aBxQPGM.jpeg
"My boss seriously asked me this. Was back for an hour, now I'm looking for a new job.",/r/AdviceAnimals/comments/aphb7n/my_boss_seriously_asked_me_this_was_back_for_an/,https://i.imgur.com/keSNUKH.jpg
After having my 2100+ upvoted meme removed for not having two lines of text,/r/AdviceAnimals/comments/2ixz5f/after_having_my_2100_upvoted_meme_removed_for_not/,http://i.imgur.com/SFNKe0K.jpg
Are average Joes making millions?,/r/AdviceAnimals/comments/l41t64/are_average_joes_making_millions/,https://i.redd.it/wkj34rqdxad61.jpg
How about you don't roll your eyes at me?,/r/AdviceAnimals/comments/kzat8e/how_about_you_dont_roll_your_eyes_at_me/,https://i.redd.it/pqafif15ixb61.jpg
for 40 years they have tried and it has never been passed.,/r/AdviceAnimals/comments/7h3a93/for_40_years_they_have_tried_and_it_has_never/,https://i.imgur.com/DzkSQed.jpg
"Job Recruiters and Human Resources, this means YOU",/r/AdviceAnimals/comments/ezdk46/job_recruiters_and_human_resources_this_means_you/,https://i.imgur.com/aoX8u7j.png
Whenever you stay with a friend.,/r/AdviceAnimals/comments/dbiwuj/whenever_you_stay_with_a_friend/,https://i.redd.it/78z1la01ysp31.jpg
"First the Panama Papers, now the Paradise Papers",/r/AdviceAnimals/comments/7b7e5i/first_the_panama_papers_now_the_paradise_papers/,https://i.redd.it/sfqjsnp0newz.jpg
Looking for another job now...,/r/AdviceAnimals/comments/b5cau5/looking_for_another_job_now/,https://i.redd.it/s7wf7mmjdao21.png
A little tired of people nowadays.,/r/AdviceAnimals/comments/estuvx/a_little_tired_of_people_nowadays/,https://i.imgur.com/bN3hGd7.jpg
Hurricane Helene,/r/AdviceAnimals/comments/1fqttpc/hurricane_helene/,https://i.imgflip.com/94wpa8.jpg
Which team are you on,/r/AdviceAnimals/comments/dcq3tn/which_team_are_you_on/,https://i.redd.it/w7notn5ijbq31.jpg
"Maybe I'm an asshole, but this was really satisfying",/r/AdviceAnimals/comments/ayg6pr/maybe_im_an_asshole_but_this_was_really_satisfying/,https://i.redd.it/572brbs9uqk21.jpg
Comcast sent a letter saying they were doubling the cost of my internet... so I switched.,/r/AdviceAnimals/comments/7sf1zu/comcast_sent_a_letter_saying_they_were_doubling/,https://i.imgur.com/P3rSFWi.png
I just want to see something else on my news feed. Anything else.,/r/AdviceAnimals/comments/d8c640/i_just_want_to_see_something_else_on_my_news_feed/,https://i.redd.it/q21ikn4iieo31.jpg
Mitch McConnell refusing a vote to allow DC and Puerto Rico to become states because he says it would mean more Dem Reps,/r/AdviceAnimals/comments/f0ehcx/mitch_mcconnell_refusing_a_vote_to_allow_dc_and/,https://i.imgflip.com/3oieq0.jpg
If only there was a way being out of work for a few months wouldn't mean starving.....,/r/AdviceAnimals/comments/g5ov3f/if_only_there_was_a_way_being_out_of_work_for_a/,https://i.imgur.com/378D22X.png
Reddit's been lying to me for two and a half year now,/r/AdviceAnimals/comments/c3w4nm/reddits_been_lying_to_me_for_two_and_a_half_year/,https://i.redd.it/961c6e3aqz531.jpg
It's a small win every time,/r/AdviceAnimals/comments/dr2aaa/its_a_small_win_every_time/,https://i.imgur.com/Fy8WDXL.jpg
People be acting like it's the day's weather.,/r/AdviceAnimals/comments/hjw7yg/people_be_acting_like_its_the_days_weather/,https://i.imgflip.com/470xrh.jpg
"For real, people. Stay safe and don't drink and drive, please!!",/r/AdviceAnimals/comments/ab951f/for_real_people_stay_safe_and_dont_drink_and/,http://i.imgur.com/NSvKhmy.jpg
My Company is Standing Firm on Their 3 Sick Day Policy and Employees are Testing Positive for COVID19,/r/AdviceAnimals/comments/fdcjwm/my_company_is_standing_firm_on_their_3_sick_day/,https://i.redd.it/y1991axhknk41.jpg
Kinda hard to control people when you keep screwing them over,/r/AdviceAnimals/comments/gul3sw/kinda_hard_to_control_people_when_you_keep/,https://i.imgflip.com/43kttd.jpg
No need for fireworks,/r/AdviceAnimals/comments/iot7r0/no_need_for_fireworks/,https://i.redd.it/zoanqlkjaxl51.png
"Former smokers, don't make the same mistake i made",/r/AdviceAnimals/comments/hnmaa1/former_smokers_dont_make_the_same_mistake_i_made/,https://i.redd.it/8sso4pjgdo951.jpg
I was cheating with my best friend....,/r/AdviceAnimals/comments/5rn7lg/i_was_cheating_with_my_best_friend/,http://i.imgur.com/RpIYivh.png
#trashtag victim,/r/AdviceAnimals/comments/aztqcv/trashtag_victim/,https://i.redd.it/7vmz0acbwhl21.jpg
"Thanks dude, you're the best",/r/AdviceAnimals/comments/8zzvpe/thanks_dude_youre_the_best/,https://i.redd.it/z23xsqx84sa11.jpg
It turned out to be the right move,/r/AdviceAnimals/comments/a697en/it_turned_out_to_be_the_right_move/,https://i.redd.it/hpwhnfaqcb421.jpg
Alex Jones attacked by wife says it’s a private family matter and asks for privacy,/r/AdviceAnimals/comments/rp5yt8/alex_jones_attacked_by_wife_says_its_a_private/,https://i.redd.it/ui9yvlx6ey781.png
GGG saving me a year's worth of headaches,/r/AdviceAnimals/comments/4e5u8k/ggg_saving_me_a_years_worth_of_headaches/,https://i.imgur.com/4BHBcCp.jpg
No one went hiking to listen to your shitty music.,/r/AdviceAnimals/comments/jv8xvg/no_one_went_hiking_to_listen_to_your_shitty_music/,https://i.redd.it/kcsoj6sphmz51.jpg
red flag laws could have prevented this,/r/AdviceAnimals/comments/1fajkzn/red_flag_laws_could_have_prevented_this/,https://i.redd.it/9iev7b82u7nd1.jpeg
You must input your email address in order to download our application,/r/AdviceAnimals/comments/4qrtpd/you_must_input_your_email_address_in_order_to/,http://i.imgur.com/Wpv6NO0.jpg
#trashtag heroes,/r/AdviceAnimals/comments/b01b4g/trashtag_heroes/,https://i.redd.it/h2hkg39d4ll21.jpg
Plot twist,/r/AdviceAnimals/comments/o4z4cy/plot_twist/,https://i.redd.it/x8x5wvo7bn671.jpg
True Story,/r/AdviceAnimals/comments/a0kzqy/true_story/,https://i.redd.it/i3b825uffp021.jpg
"To my fellow Americans who are watching this man lie through his teeth in front of the entire nation, yet still plan on voting for him... seriously,",/r/AdviceAnimals/comments/1fdzuqa/to_my_fellow_americans_who_are_watching_this_man/,https://i.redd.it/y68kpwq6f3od1.jpeg
Kind of screwed myself there...,/r/AdviceAnimals/comments/m98451/kind_of_screwed_myself_there/,https://i.redd.it/r7enesez07o61.jpg
Y'all got any more of that sanity?,/r/AdviceAnimals/comments/12ftuij/yall_got_any_more_of_that_sanity/,https://i.imgur.com/sA563c8.jpg
Just happened to my coworker ,/r/AdviceAnimals/comments/1coq3ln/just_happened_to_my_coworker/,https://i.redd.it/rg7cz3hutlzc1.jpeg
Gas prices,/r/AdviceAnimals/comments/tawqut/gas_prices/,https://i.redd.it/wp1ttlklljm81.jpg
Good Guy Florist - I Sent flowers to wife and her aunt who is in town...,/r/AdviceAnimals/comments/7xir4o/good_guy_florist_i_sent_flowers_to_wife_and_her/,https://i.redd.it/6io002m957g01.png
This was before it was a hoax.,/r/AdviceAnimals/comments/hx1bpz/this_was_before_it_was_a_hoax/,https://i.imgur.com/qSKWQin.jpg
I've made a huge mistake...,/r/AdviceAnimals/comments/agsklj/ive_made_a_huge_mistake/,https://i.redd.it/ezo1ljep0wa21.jpg
Bet a lot of essential workers are thinking this,/r/AdviceAnimals/comments/fpzj97/bet_a_lot_of_essential_workers_are_thinking_this/,https://i.imgur.com/z9r3pZ9.jpg
Seriously how to handle a boss like this?,/r/AdviceAnimals/comments/gx43dg/seriously_how_to_handle_a_boss_like_this/,https://i.imgur.com/Ltblgph.jpg
Amazon always *looked* like a fun job,/r/AdviceAnimals/comments/lpntbe/amazon_always_looked_like_a_fun_job/,https://i.redd.it/3qbqz0g451j61.jpg
Fuck my life,/r/AdviceAnimals/comments/bakjhy/fuck_my_life/,https://i.redd.it/5n994etbgwq21.jpg
Be like this guy,/r/AdviceAnimals/comments/wxdwga/be_like_this_guy/,https://i.redd.it/dne8blc20vj91.jpg
Last year I was partnered with an Indian student I'd never met and probably would have never spoken too. Today he is one of my best friends. A few months ago was his birthday and he threw us all a party. Today is my birthday and he threw us all a party.,/r/AdviceAnimals/comments/5shzrj/last_year_i_was_partnered_with_an_indian_student/,http://i.imgur.com/zJRCGy5.png
It’s still cool in my 30s,/r/AdviceAnimals/comments/10gj1jw/its_still_cool_in_my_30s/,https://i.imgur.com/bG8mFG6.jpg
