title,permalink,url
A short story,/r/memes/comments/gyfedz/a_short_story/,https://i.redd.it/70zdjiilli351.jpg
She did her best ok?,/r/memes/comments/ig9u4z/she_did_her_best_ok/,https://i.redd.it/g4vm7de3q4j51.jpg
This house ain‚Äôt big enough for the six of us,/r/memes/comments/fj45ih/this_house_aint_big_enough_for_the_six_of_us/,https://i.redd.it/x4s2e60m7vm41.jpg
They what???,/r/memes/comments/gi8l07/they_what/,https://i.imgur.com/KpwIuSO.png
I feel privileged,/r/memes/comments/jnbc9d/i_feel_privileged/,https://i.redd.it/ttfhavjmd1x51.png
This is my jam,/r/memes/comments/l7qap4/this_is_my_jam/,https://i.redd.it/ycrjw204b9e61.gif
uncanny resemblance,/r/memes/comments/khiyao/uncanny_resemblance/,https://i.redd.it/cul580390k661.jpg
Hmmmmmmmmmm,/r/memes/comments/hd6nhx/hmmmmmmmmmm/,https://i.redd.it/c06hvlfni9651.jpg
We are doomed,/r/memes/comments/fmf637/we_are_doomed/,https://i.redd.it/vmadxu8d51o41.jpg
Finland op,/r/memes/comments/fw1ch6/finland_op/,https://i.redd.it/ncrm4syv08r41.jpg
Wait I didn't mean it like that,/r/memes/comments/lkodmq/wait_i_didnt_mean_it_like_that/,https://i.redd.it/n4ildkpurph61.png
Who's Donald Biden?,/r/memes/comments/jogzsr/whos_donald_biden/,https://i.redd.it/63l9c85hmex51.jpg
thank god,/r/memes/comments/uoqq32/thank_god/,https://i.redd.it/djw0xedkm8z81.gif
Team monke,/r/memes/comments/m2y08v/team_monke/,https://i.redd.it/y5q2ylf36gm61.jpg
What a shame,/r/memes/comments/l7hah3/what_a_shame/,https://i.redd.it/hnwx02w0t6e61.jpg
Confusing,/r/memes/comments/ik0qu9/confusing/,https://i.redd.it/2v3ucovw2dk51.jpg
Ukraine got CHAD Volodymyr Zelensky.üá∫üá¶üá∫üá¶üá∫üá¶,/r/memes/comments/t19inj/ukraine_got_chad_volodymyr_zelensky/,https://i.redd.it/p6hpt00hl0k81.jpg
It took so many hours,/r/memes/comments/i5zoq5/it_took_so_many_hours/,https://i.redd.it/hujzswawcsf51.jpg
Moms are the real MVPs,/r/memes/comments/kocegl/moms_are_the_real_mvps/,http://i.imgur.com/OyrGZMr.gifv
Of course I know him. He is me,/r/memes/comments/injobz/of_course_i_know_him_he_is_me/,https://i.redd.it/kwcqipuz5il51.jpg
Simpsons predicted it yet again,/r/memes/comments/d9gvok/simpsons_predicted_it_yet_again/,https://i.redd.it/mt1p2undiwo31.jpg
Placebo in a nutshell,/r/memes/comments/hm9r3l/placebo_in_a_nutshell/,https://i.redd.it/cjtg6wdt99951.jpg
It was fun doe,/r/memes/comments/i9inie/it_was_fun_doe/,https://i.redd.it/b11mbpxapxg51.jpg
Don't be mad,/r/memes/comments/jewhxz/dont_be_mad/,https://i.redd.it/gsqgq6uwuau51.jpg
15 years from now,/r/memes/comments/geqgdh/15_years_from_now/,https://i.redd.it/kvb5q07e27x41.jpg
Captain Holt is best boi,/r/memes/comments/glwkpy/captain_holt_is_best_boi/,https://i.redd.it/nzkdkyfr2hz41.jpg
You think you are sad,/r/memes/comments/fjiz2r/you_think_you_are_sad/,https://i.redd.it/rohlh1e8k0n41.jpg
These are confusing times,/r/memes/comments/kxrxuv/these_are_confusing_times/,https://i.redd.it/4gju47kt3hb61.jpg
Reddit might be shit but it's our shit.,/r/memes/comments/q1b13o/reddit_might_be_shit_but_its_our_shit/,https://i.redd.it/l8yz2fyk3hr71.jpg
Well its pretty similar...,/r/memes/comments/lekzwj/well_its_pretty_similar/,https://i.redd.it/8ze5zhn5m1g61.gif
My life was a lie.,/r/memes/comments/myb3vc/my_life_was_a_lie/,https://i.redd.it/spe7qpjedcv61.gif
Oh no you don‚Äôt,/r/memes/comments/kewn6p/oh_no_you_dont/,https://v.redd.it/h58jtjhurq561
Always has been,/r/memes/comments/hqeip1/always_has_been/,https://i.redd.it/29h8ntdldma51.jpg
Oh god no,/r/memes/comments/kjdwn1/oh_god_no/,https://i.redd.it/w98k1i6ce4761.gif
That's the reason behind all these,/r/memes/comments/hhw2e0/thats_the_reason_behind_all_these/,https://i.redd.it/72ofect87t751.jpg
That's a 5 stars from me,/r/memes/comments/hc387h/thats_a_5_stars_from_me/,https://i.redd.it/omyyroc83w551.jpg
"Wow, someone knows we exist",/r/memes/comments/id7tva/wow_someone_knows_we_exist/,https://i.redd.it/dyecygddx4i51.jpg
Everytime,/r/memes/comments/ium3nm/everytime/,https://i.redd.it/emn90d5nbqn51.jpg
Wish her luck boys,/r/memes/comments/vwkj6c/wish_her_luck_boys/,https://i.redd.it/fnbkdh8fwza91.gif
"Hey Blizzard, I heard you like China's money ?",/r/memes/comments/dfc00m/hey_blizzard_i_heard_you_like_chinas_money/,https://i.redd.it/uonxofnh1gr31.jpg
Brain.exe has commit DIE,/r/memes/comments/holruc/brainexe_has_commit_die/,https://i.redd.it/ojd7xhofyz951.png
chadflix,/r/memes/comments/nxc266/chadflix/,https://i.redd.it/te95nxfwxl471.png
Look who's laughing now,/r/memes/comments/gjozlm/look_whos_laughing_now/,https://i.redd.it/qtmo4imk5ry41.jpg
I mean I basically made him rich,/r/memes/comments/f8p6lf/i_mean_i_basically_made_him_rich/,https://i.redd.it/yne085xajui41.jpg
please enjoy,/r/memes/comments/i2ctmr/please_enjoy/,https://i.redd.it/rgce12mplle51.jpg
Real SOMA ULTE ‚ù§Ô∏è,/r/memes/comments/j3qvhf/real_soma_ulte/,https://i.redd.it/y4ubkjfo6nq51.jpg
*bumps head* maybe I‚Äôm Godzilla?,/r/memes/comments/jl0bjq/bumps_head_maybe_im_godzilla/,https://i.redd.it/ger0ho5tg9w51.jpg
Phew. That was a close one.,/r/memes/comments/jnwxws/phew_that_was_a_close_one/,https://i.redd.it/2b6zkpyh98x51.png
Modern day pirate,/r/memes/comments/l8k6ha/modern_day_pirate/,https://i.redd.it/vdfvhoq1lge61.jpg
Bro got both eyes open üò≠ ,/r/memes/comments/1egzi81/bro_got_both_eyes_open/,https://i.redd.it/josb2tipdxfd1.jpeg
Chrome lite for pc,/r/memes/comments/rb32mg/chrome_lite_for_pc/,https://i.imgur.com/9JW6gmL.jpg
can someone explain it,/r/memes/comments/guk1zo/can_someone_explain_it/,https://i.redd.it/2my2zdc4pa251.jpg
It really do be like that,/r/memes/comments/fmw8jw/it_really_do_be_like_that/,https://i.redd.it/hu25l44ii6o41.jpg
"Oh look, Reddit",/r/memes/comments/it6820/oh_look_reddit/,https://i.redd.it/reux0cdxhan51.jpg
He is the chosen one. He will bring the change,/r/memes/comments/n1wilj/he_is_the_chosen_one_he_will_bring_the_change/,https://i.redd.it/isw5svf6zbw61.jpg
It‚Äôs been real fam.,/r/memes/comments/ks2asd/its_been_real_fam/,https://i.redd.it/evqhhdqqbt961.jpg
Wanna hear another joke,/r/memes/comments/l6qbnp/wanna_hear_another_joke/,https://i.redd.it/00zo3ians0e61.jpg
Right as rain after that,/r/memes/comments/gzm2u0/right_as_rain_after_that/,https://i.redd.it/1wniz8ionv351.jpg
Licensed Dad Joke,/r/memes/comments/hnavd5/licensed_dad_joke/,https://i.redd.it/nrj9smsfek951.jpg
Following your passion is hard in Asia,/r/memes/comments/hwy1o1/following_your_passion_is_hard_in_asia/,https://i.redd.it/7ux0uk3llrc51.jpg
Do dee do dee doo. Whoops!,/r/memes/comments/lo4jc2/do_dee_do_dee_doo_whoops/,https://i.redd.it/mogqphv12mi61.gif
They are some greedy ones,/r/memes/comments/jqmj19/they_are_some_greedy_ones/,https://i.redd.it/44g9h668t3y51.jpg
"Oh yes, I can finally play some gta v",/r/memes/comments/gk2pog/oh_yes_i_can_finally_play_some_gta_v/,https://i.redd.it/7zhbpr5f0vy41.jpg
Every time,/r/memes/comments/jv4nra/every_time/,https://i.redd.it/42vflyu4ykz51.jpg
Turns out nobody ever answered him,/r/memes/comments/kjz8z1/turns_out_nobody_ever_answered_him/,https://i.redd.it/d06yv5u08c761.jpg
All the help we can give,/r/memes/comments/l74knv/all_the_help_we_can_give/,https://i.redd.it/qeqvx12x94e61.jpg
Its all coming together,/r/memes/comments/dgcej8/its_all_coming_together/,https://i.redd.it/0wbivqv9nvr31.jpg
I have no idea whatsoever,/r/memes/comments/mww7f4/i_have_no_idea_whatsoever/,https://i.redd.it/xz83gt7jlxu61.gif
Shut it off,/r/memes/comments/dricue/shut_it_off/,https://i.redd.it/2aq8edkojow31.jpg
did it happen to all of us?,/r/memes/comments/ks8ctf/did_it_happen_to_all_of_us/,https://i.redd.it/9kvm8knv5v961.jpg
"Quick, while the British are sleeping.",/r/memes/comments/kuu1np/quick_while_the_british_are_sleeping/,https://i.redd.it/e3zwkg6zfma61.jpg
*happy bubonic noises*,/r/memes/comments/eimmhx/happy_bubonic_noises/,https://i.redd.it/n7lh6x2wz7841.jpg
Hot climate,/r/memes/comments/munuxm/hot_climate/,https://i.redd.it/uqh27jjj8bu61.jpg
Seriously,/r/memes/comments/h16nue/seriously/,https://i.redd.it/k47mb3l46c451.jpg
Harold should be meme of the decade,/r/memes/comments/eh8txp/harold_should_be_meme_of_the_decade/,https://i.redd.it/uip0indm0m741.jpg
Makes the calculations simpler,/r/memes/comments/kb357l/makes_the_calculations_simpler/,https://i.redd.it/v7opjah2ck461.gif
I'm convinced the paparazzi are sociopaths,/r/memes/comments/piapdp/im_convinced_the_paparazzi_are_sociopaths/,https://v.redd.it/fk9xpew8wnl71
She has probably made 60k in the amount of time it took me to make this meme,/r/memes/comments/map6ds/she_has_probably_made_60k_in_the_amount_of_time/,https://i.redd.it/7d9x3zq7dlo61.jpg
Thanks a lot brain,/r/memes/comments/neffg5/thanks_a_lot_brain/,https://i.redd.it/69g5axregoz61.jpg
I love Amusement Parks,/r/memes/comments/hp1b07/i_love_amusement_parks/,https://i.redd.it/hl71dyelq4a51.png
Your silly warning cannot stop me,/r/memes/comments/mqthyg/your_silly_warning_cannot_stop_me/,https://i.redd.it/wdgjpcm6v5t61.jpg
Excuse me.. Wtf?,/r/memes/comments/ke6j9j/excuse_me_wtf/,https://i.redd.it/1owkm5r3wi561.gif
not this shit again,/r/memes/comments/mfq2pz/not_this_shit_again/,https://i.redd.it/6e6z2me93zp61.png
I thought only I could do that,/r/memes/comments/lwwbwn/i_thought_only_i_could_do_that/,https://i.redd.it/1zq5hsvzytk61.jpg
Last online *October*,/r/memes/comments/kt3guk/last_online_october/,https://i.redd.it/1lprd5j4c4a61.jpg
One of the happiest moments in life,/r/memes/comments/hamwzf/one_of_the_happiest_moments_in_life/,https://i.redd.it/rnn14f29gf551.jpg
Universal guide to men's nodding. Made in Paint.,/r/memes/comments/m5mrth/universal_guide_to_mens_nodding_made_in_paint/,https://i.redd.it/qldrdzcjj7n61.png
Didn‚Äôt think about that,/r/memes/comments/jz9cf6/didnt_think_about_that/,https://i.redd.it/yw52evjtlw061.jpg
Maybe she's hard to forget,/r/memes/comments/ikh5g5/maybe_shes_hard_to_forget/,https://i.redd.it/1cznolix8ik51.jpg
they belong in arkham,/r/memes/comments/ii7f91/they_belong_in_arkham/,https://i.redd.it/v0eic0ly0rj51.jpg
Man got scared asf,/r/memes/comments/msu71y/man_got_scared_asf/,https://i.redd.it/l2ldkoiuirt61.gif
I'm the captain now,/r/memes/comments/l6uedb/im_the_captain_now/,https://i.redd.it/ejfv5dfq52e61.gif
Helicopter goes brrrr,/r/memes/comments/isl4xs/helicopter_goes_brrrr/,https://i.redd.it/j0u8g9pxa4n51.png
Microsoft word,/r/memes/comments/n5e61n/microsoft_word/,https://v.redd.it/65w13eorjax61
iOS 14 bout to expose some people,/r/memes/comments/hhz6dx/ios_14_bout_to_expose_some_people/,https://i.redd.it/eb6pssvrhu751.jpg
The Darwin Incident,/r/memes/comments/ul20xa/the_darwin_incident/,https://i.redd.it/otvjol1ea9y81.gif
I don't own any...,/r/memes/comments/k62439/i_dont_own_any/,https://i.redd.it/uir5hhd0f0361.jpg
nro that feeling,/r/memes/comments/hv0qbj/nro_that_feeling/,https://i.redd.it/vp4wdmsoz4c51.jpg
That was a close one,/r/memes/comments/jg7j2u/that_was_a_close_one/,https://i.redd.it/da8h2xbjepu51.jpg
languages in a nutshell,/r/memes/comments/ex5yzk/languages_in_a_nutshell/,https://i.redd.it/j9u89ekcbbe41.png
